-- phpMyAdmin SQL Dump
-- version 4.8.3
-- https://www.phpmyadmin.net/
--
-- Host: 127.0.0.1
-- Waktu pembuatan: 10 Bulan Mei 2020 pada 16.34
-- Versi server: 10.1.36-MariaDB
-- Versi PHP: 7.2.11

SET SQL_MODE = "NO_AUTO_VALUE_ON_ZERO";
SET AUTOCOMMIT = 0;
START TRANSACTION;
SET time_zone = "+00:00";


/*!40101 SET @OLD_CHARACTER_SET_CLIENT=@@CHARACTER_SET_CLIENT */;
/*!40101 SET @OLD_CHARACTER_SET_RESULTS=@@CHARACTER_SET_RESULTS */;
/*!40101 SET @OLD_COLLATION_CONNECTION=@@COLLATION_CONNECTION */;
/*!40101 SET NAMES utf8mb4 */;

--
-- Database: `wisata`
--

-- --------------------------------------------------------

--
-- Struktur dari tabel `mkuliner`
--

CREATE TABLE `mkuliner` (
  `kd_kuliner` int(11) NOT NULL,
  `nm_kuliner` varchar(50) DEFAULT NULL,
  `aktif` bit(1) DEFAULT NULL,
  `crtdt` datetime DEFAULT NULL,
  `crtusr` varchar(30) DEFAULT NULL
) ENGINE=InnoDB DEFAULT CHARSET=latin1;

--
-- Dumping data untuk tabel `mkuliner`
--

INSERT INTO `mkuliner` (`kd_kuliner`, `nm_kuliner`, `aktif`, `crtdt`, `crtusr`) VALUES
(1, 'Angkringan Joglo 130 Jember', b'1', '2020-01-26 00:54:27', 'admin'),
(2, 'Ayam Panggang Sari Jaya', b'1', '2020-01-26 00:54:27', 'admin'),
(3, 'Bakso Kabut', b'1', '2020-01-26 00:54:27', 'admin'),
(4, 'Bebek Goreng Haji Slamet', b'1', '2020-01-26 00:54:27', 'admin'),
(5, 'Brownies Tape', b'1', '2020-01-26 00:54:27', 'admin'),
(6, 'Cake Edamame', b'1', '2020-01-26 00:54:27', 'admin'),
(7, 'Dodol Tape', b'1', '2020-01-26 00:54:27', 'admin'),
(8, 'Ice Cream Domino', b'1', '2020-01-26 00:54:27', 'admin'),
(9, 'Ikan Wader', b'1', '2020-01-26 00:54:27', 'admin'),
(10, 'Jenang Waluh', b'1', '2020-01-26 00:54:27', 'admin'),
(11, 'Lalapan Sajiku', b'1', '2020-01-26 00:54:27', 'admin'),
(12, 'Martabak dan Terang Bulan King', b'1', '2020-01-26 00:54:27', 'admin'),
(13, 'Martabak Malabar', b'1', '2020-01-26 00:54:27', 'admin'),
(14, 'Mie Rama', b'1', '2020-01-26 00:54:27', 'admin'),
(15, 'Nasi Langgi', b'1', '2020-01-26 00:54:27', 'admin'),
(16, 'Pecel dan gudeg', b'1', '2020-01-26 00:54:27', 'admin'),
(17, 'Pecel Pincuk Garahan', b'1', '2020-01-26 00:54:27', 'admin'),
(18, 'Pia tape', b'1', '2020-01-26 00:54:27', 'admin'),
(19, 'Prol Tape', b'1', '2020-01-26 00:54:27', 'admin'),
(20, 'Roti bakar Tjiliwoeng Jember', b'1', '2020-01-26 00:54:27', 'admin'),
(21, 'Rujak Cingur', b'1', '2020-01-26 00:54:27', 'admin'),
(22, 'Sate CR', b'1', '2020-01-26 00:54:27', 'admin'),
(23, 'Soto Ayam Dahlok', b'1', '2020-01-26 00:54:27', 'admin'),
(24, 'Suwar Suwir', b'1', '2020-01-26 00:54:27', 'admin'),
(25, 'Tahu Hwa', b'1', '2020-01-26 00:54:27', 'admin'),
(26, 'Tape Bakar', b'1', '2020-01-26 00:54:27', 'admin'),
(27, 'Wedang Cor', b'1', '2020-01-26 00:54:27', 'admin');

-- --------------------------------------------------------

--
-- Struktur dari tabel `msuser`
--

CREATE TABLE `msuser` (
  `iduser` int(11) NOT NULL,
  `usrname` varchar(25) DEFAULT NULL,
  `pwd` varchar(200) DEFAULT NULL,
  `pwd_lama` varchar(200) DEFAULT NULL,
  `nmuser` varchar(25) DEFAULT NULL,
  `lvl` int(11) DEFAULT NULL,
  `nmlvl` varchar(20) DEFAULT NULL,
  `foto` varchar(25) DEFAULT NULL,
  `aktif` bit(1) DEFAULT NULL,
  `crtdt` datetime DEFAULT NULL,
  `crtusr` varchar(25) DEFAULT NULL,
  `updatedt` datetime DEFAULT NULL,
  `updateusr` varchar(25) DEFAULT NULL
) ENGINE=InnoDB DEFAULT CHARSET=latin1;

--
-- Dumping data untuk tabel `msuser`
--

INSERT INTO `msuser` (`iduser`, `usrname`, `pwd`, `pwd_lama`, `nmuser`, `lvl`, `nmlvl`, `foto`, `aktif`, `crtdt`, `crtusr`, `updatedt`, `updateusr`) VALUES
(1, 'admin', '$2y$10$ZEHG5tgvAAflkEuhSycTE.8/u.ZqXzCYQStW.9H4yhM6EWhzXQKwC', NULL, 'MIMIN WISATA', 1, 'admin', 'admin.png', b'1', '2020-03-31 18:58:05', 'admin', NULL, NULL);

-- --------------------------------------------------------

--
-- Struktur dari tabel `mwisata`
--

CREATE TABLE `mwisata` (
  `kd_wisata` int(11) NOT NULL,
  `nm_wisata` varchar(50) DEFAULT NULL,
  `aktif` bit(1) DEFAULT NULL,
  `crtdt` datetime DEFAULT NULL,
  `crtusr` varchar(30) DEFAULT NULL
) ENGINE=InnoDB DEFAULT CHARSET=latin1;

--
-- Dumping data untuk tabel `mwisata`
--

INSERT INTO `mwisata` (`kd_wisata`, `nm_wisata`, `aktif`, `crtdt`, `crtusr`) VALUES
(1, 'Air Terjun Anjasmoro', b'1', '2019-12-07 12:31:22', 'admin'),
(2, 'Air Terjun Antrokan', b'1', '2019-12-07 12:31:22', 'admin'),
(3, 'Air Terjun Rayap', b'1', '2019-12-07 12:31:22', 'admin'),
(4, 'Air Terjun Tancak', b'1', '2019-12-07 12:31:22', 'admin'),
(5, 'Air Terjun Tancak Tulis', b'1', '2019-12-07 12:31:22', 'admin'),
(6, 'Air Terjun Tujuh Bidadari', b'1', '2019-12-07 12:31:22', 'admin'),
(7, 'Bukit Pasir Puger', b'1', '2019-12-07 12:31:22', 'admin'),
(8, 'Bukit Samboja', b'1', '2019-12-07 12:31:22', 'admin'),
(9, 'Cottage Gunung Sepikul', b'1', '2019-12-07 12:31:22', 'admin'),
(10, 'Dira Park', b'1', '2019-12-07 12:31:22', 'admin'),
(11, 'Gunung kapur', b'1', '2019-12-07 12:31:22', 'admin'),
(12, 'Jember Sport Garden', b'1', '2019-12-07 12:31:22', 'admin'),
(13, 'Kantor Desa Kemuningsari Kidul', b'1', '2019-12-07 12:31:22', 'admin'),
(14, 'Lapangan Olahraga PTPN XII Kebun Glantangan', b'1', '2019-12-07 12:31:22', 'admin'),
(15, 'Masjid Jami’ Albaitul Amin', b'1', '2019-12-07 12:31:22', 'admin'),
(16, 'Masjid Roudhotul Muchlisin', b'1', '2019-12-07 12:31:22', 'admin'),
(17, 'Museum Huruf', b'1', '2019-12-07 12:31:22', 'admin'),
(18, 'Pantai Bandealit', b'1', '2019-12-07 12:31:22', 'admin'),
(19, 'Pantai Getem', b'1', '2019-12-07 12:31:22', 'admin'),
(20, 'Pantai Papuma', b'1', '2019-12-07 12:31:22', 'admin'),
(21, 'Pantai Paseban', b'1', '2019-12-07 12:31:22', 'admin'),
(22, 'Pantai Payangan', b'1', '2019-12-07 12:31:22', 'admin'),
(23, 'Pantai Watu Ulo', b'1', '2019-12-07 12:31:22', 'admin'),
(24, 'Perkebunan Teh Gunung Gambir', b'1', '2019-12-07 12:31:22', 'admin'),
(25, 'Rumah Tembakau', b'1', '2019-12-07 12:31:22', 'admin'),
(26, 'Situs Duplang', b'1', '2019-12-07 12:31:22', 'admin'),
(27, 'SJ88', b'1', '2019-12-07 12:31:22', 'admin'),
(28, 'Taman Botani Sukorambi', b'1', '2019-12-07 12:31:22', 'admin'),
(29, 'Tanjung papuma', b'1', '2019-12-07 12:31:22', 'admin'),
(30, 'Teluk Love', b'1', '2019-12-07 12:31:22', 'admin'),
(31, 'Tiara Jember Park Waterboom', b'1', '2019-12-07 12:31:22', 'admin'),
(32, 'Wana Wisata Simbat', b'1', '2019-12-07 12:31:22', 'admin'),
(33, 'Wisata Agro Rayap', b'1', '2019-12-07 12:31:22', 'admin'),
(34, 'Wisata Argopuro Garden', b'1', '2019-12-07 12:31:22', 'admin');

-- --------------------------------------------------------

--
-- Struktur dari tabel `tbalmt_wisata`
--

CREATE TABLE `tbalmt_wisata` (
  `id_almt` int(11) NOT NULL,
  `kd_wisata` int(11) DEFAULT NULL,
  `almt_wisata` varchar(300) DEFAULT NULL,
  `crtdt` datetime DEFAULT NULL,
  `crtusr` varchar(20) DEFAULT NULL,
  `updatedt` datetime DEFAULT NULL,
  `updateusr` varchar(20) DEFAULT NULL
) ENGINE=InnoDB DEFAULT CHARSET=latin1;

--
-- Dumping data untuk tabel `tbalmt_wisata`
--

INSERT INTO `tbalmt_wisata` (`id_almt`, `kd_wisata`, `almt_wisata`, `crtdt`, `crtusr`, `updatedt`, `updateusr`) VALUES
(1, 1, 'Dusun Salak, Desa Sumber Salak, Kecamatan Ledokombo, Kabupaten Jember, Jawa Timur 68196', '2019-12-07 12:56:23', 'admin', NULL, ''),
(2, 2, 'Dusun Kali Tengah, Desa Manggisan, Kecamatan Tanggul, Kabupaten Jember, Jawa Timur 68155', '2019-12-07 12:56:23', 'admin', NULL, ''),
(3, 3, 'Desa kemuning lor, Kecamatan Arjasa, Kabupaten Jember, Jawa Timur', '2019-12-07 12:56:23', 'admin', NULL, ''),
(4, 4, 'Suci, Panti, Area Pegunungan Argop, Suci, Panti, Kabupaten Jember, Jawa Timur 68153', '2019-12-07 12:56:23', 'admin', NULL, ''),
(5, 5, 'Area Hutan, Darungan, Tanggul, Kabupaten Jember, Jawa Timur 68155', '2019-12-07 12:56:23', 'admin', NULL, ''),
(6, 6, 'Gardu Utara, Rowosari, Sumberjambe, Kabupaten Jember, Jawa Timur 68195', '2019-12-07 12:56:23', 'admin', NULL, ''),
(7, 7, 'Jl. Pantai Pancer, Manderan II, Puger Kulon, Puger, Kabupaten Jember, Jawa Timur 68164', '2019-12-07 12:56:23', 'admin', NULL, ''),
(8, 8, 'Dusun Payangan, Watu Ulo, Ambulu, Sido Mulyo, Sumberrejo, Ambulu, Kabupaten Jember, Jawa Timur 68172', '2019-12-07 12:56:23', 'admin', NULL, ''),
(9, 9, 'Jalan PB. Sudirman No. 333, Kecamatan Pakusari, Kabupaten Jember, Jawa Timur, Indonesia', '2019-12-07 12:56:23', 'admin', NULL, ''),
(10, 10, 'Jl. Kota Blater KM.4, Andongsari, Ambulu, Watukebo, Andongsari, Ambulu, Kabupaten Jember, Jawa Timur 68172', '2019-12-07 12:56:23', 'admin', NULL, ''),
(11, 11, 'Kapuran, Grenden, Puger, Kabupaten Jember, Jawa Timur 68164', '2019-12-07 12:56:23', 'admin', NULL, ''),
(12, 12, 'Ajung, Ajung Kulon, Ajung, Kabupaten Jember, Jawa Timur 68175', '2019-12-07 12:56:23', 'admin', NULL, ''),
(13, 13, 'Desa Kemuningsari Kidul, Kecamatan Jenggawah, Kabupaten Jember, Jawa Timur', '2019-12-07 12:56:23', 'admin', NULL, ''),
(14, 14, 'Area Sawah/Kebun, Pondokrejo, Tempurejo, Kabupaten Jember, Jawa Timur 68173', '2019-12-07 12:56:23', 'admin', NULL, ''),
(15, 15, 'Jalan Sultan Agung, Jember Lor, Patrang, Tegal Rejo, Jemberlor, Jember, Kabupaten Jember, Jawa Timur 68118', '2019-12-07 12:56:23', 'admin', NULL, ''),
(16, 16, 'Jl. Gajah Mada No.180, Kaliwates Kidul, Kaliwates, Kabupaten Jember, Jawa Timur 68131', '2019-12-07 12:56:23', 'admin', NULL, ''),
(17, 17, 'Jl. Bengawan Solo No.27, Tegal Boto Lor, Sumbersari, Kabupaten Jember – Jawa Timur', '2019-12-07 12:56:23', 'admin', NULL, ''),
(18, 18, 'Area Hutan, Andongrejo, Tempurejo, Kabupaten Jember, Jawa Timur 68173', '2019-12-07 12:56:23', 'admin', NULL, ''),
(19, 19, 'Kalimalang, Mojomulyo, Puger, Kabupaten Jember, Jawa Timur 68164', '2019-12-07 12:56:23', 'admin', NULL, ''),
(20, 20, 'Area Kebun, Lojejer, Wuluhan, Jember, Jawa Timur 68172', '2019-12-07 12:56:23', 'admin', NULL, ''),
(21, 21, 'Paseban, Kencong, Kabupaten Jember, Jawa Timur', '2019-12-07 12:56:23', 'admin', NULL, ''),
(22, 22, 'Sido Mulyo, Sumberrejo, Ambulu, Kabupaten Jember, Jawa Timur 68172', '2019-12-07 12:56:23', 'admin', NULL, ''),
(23, 23, 'Sumberrejo, Ambulu, Kabupaten Jember, Jawa Timur 68172', '2019-12-07 12:56:23', 'admin', NULL, ''),
(24, 24, 'Lanasan, Gelang, Sumber Baru, Jember – Jawa Timur', '2019-12-07 12:56:23', 'admin', NULL, ''),
(25, 25, 'Desa Ajung, Kecamatan Jenggawah, Jember, Jawa Timur', '2019-12-07 12:56:23', 'admin', NULL, ''),
(26, 26, 'Desa Kamal, Kecamatan Arjasa, Kabupaten Jember,Jawa Timur 68191', '2019-12-07 12:56:23', 'admin', NULL, ''),
(27, 27, 'Sukojember, Jelbuk, Leces II, Sukojember, Jelbuk, Kabupaten Jember, Jawa Timur 68192', '2019-12-07 12:56:23', 'admin', NULL, ''),
(28, 28, 'Jalan Mujahir, Sukorambi, Krajan, Sukorambi, Kabupaten Jember, Jawa Timur 68151', '2019-12-07 12:56:23', 'admin', NULL, ''),
(29, 29, 'Pantai Papuma, Lojejer, Wuluhan, Jember, Jawa Timur 68172', '2019-12-07 12:56:23', 'admin', NULL, ''),
(30, 30, 'Jl. Ambulu – Watu Ulo, Sido Mulyo, Sumberrejo, Ambulu, Kabupaten Jember, Jawa Timur 68162', '2019-12-07 12:56:23', 'admin', NULL, ''),
(31, 31, 'Jalan Kaliurang, Sumbersari, Krajan Barat, Sumbersari, Kabupaten Jember, Jawa Timur 68124', '2019-12-07 12:56:23', 'admin', NULL, ''),
(32, 32, 'Sumberejo, Tamansari, Wuluhan, Kabupaten Jember, Jawa Timur 68162', '2019-12-07 12:56:23', 'admin', NULL, ''),
(33, 33, 'Rayap, Darungan, Kemuning Lor, Arjasa, Kabupaten Jember, Jawa Timur 6819', '2019-12-07 12:56:23', 'admin', NULL, ''),
(34, 34, 'Jalan Jerukan RT.4 / RW.6, Patemon, Tanggul, Krajan I, Patemon, Tanggul, Kabupaten Jember, Jawa Timur 68155', '2019-12-07 12:56:23', 'admin', NULL, '');

-- --------------------------------------------------------

--
-- Struktur dari tabel `tbdet_kuliner`
--

CREATE TABLE `tbdet_kuliner` (
  `id_det_kulin` int(11) NOT NULL,
  `kd_kuliner` int(11) DEFAULT NULL,
  `ket_kuliner` varchar(5000) DEFAULT NULL,
  `crtdt` datetime DEFAULT NULL,
  `crtusr` varchar(20) DEFAULT NULL,
  `updatedt` datetime DEFAULT NULL,
  `updateusr` varchar(20) DEFAULT NULL
) ENGINE=InnoDB DEFAULT CHARSET=latin1;

--
-- Dumping data untuk tabel `tbdet_kuliner`
--

INSERT INTO `tbdet_kuliner` (`id_det_kulin`, `kd_kuliner`, `ket_kuliner`, `crtdt`, `crtusr`, `updatedt`, `updateusr`) VALUES
(1, 1, 'Makanan khas Jember murah dapat kamu temukan di Angkringan Joglo 130 Jember. Berlokasi di Jalan Letjen Panjaitan Nomor 130, Sumbersari, Jember dan buka mulai pukul 12 siang sampai 11 malam. Layaknya angkringan di daerah lain, angkringan ini menyediakan menu khas angkringan berupa nasi kucing, ketan bubuk, tempe dan tahu bacem, telur puyuh, gorengan dan beraneka macam minuman seperti kopi hitam, kopi susu, teh nasgitel, bir jawa, dan wedang angjo khas Jember yang nikmat disantap saat cuaca sedang dingin dinginnya. Jangan khawatir soal harga karena kesemua menunya sangatlah murah.', '2020-01-26 01:36:45', 'admin', NULL, ''),
(2, 2, 'Penjual masakan ini berada di Jalan Rasa Sultan Agung Nomor 124 yang dulunya bernama rumah makan Cheong On. Ayam panggang sari jaya merupakan menu andalan di resto ini yang diolah dengan cara dibakar atau dipanggang dengan tambahan bumbu kecap yang menggugah selera.', '2020-01-26 01:36:45', 'admin', NULL, ''),
(3, 3, 'Bakso kabut ini merupakan bakso telur dimana jika biasanya sajian bakso berisi telur, sedangkan bakso kabut ini dibalik karena ada telur yang melapisi bakso. Rasanya sangat nikmat dan beda dengan bakso telur lainnya. Satu porsi bakso kabut sangatlah murah karena harganya berkisar 5 sampai 15 ribu rupiah saja. Bakso kabut dapat kamu temui di Jalan Rasamala Desa Kemuning Lor, Kecamatan Arjasa, Jember.', '2020-01-26 01:36:45', 'admin', NULL, ''),
(4, 4, 'Menu yang disajikan di rumah makan Haji Slamet adalah bebek goreng seperti namanya, meskipun begitu ada juga menu ayam. Bebek goreng disini bumbunya sangat meresap dengan tesktur daging yang lunak, gurih, dan bau khas dari bebek bisa benar benar hilang. Bebek goreng Haji Slamet biasanya disajikan bersama dengan sambal korek yang pedas.', '2020-01-26 01:36:45', 'admin', NULL, ''),
(5, 5, 'Masyarakat Jember memang banyak berinovasi dengan tape. Selain dapat dijadikan beberapa makanan yang sudah disebutkan di atas, tape juga dapat dijadikan makanan lezat lainnya yaitu brownies. Jenis tape yang dipakai untuk pembuatan brownies ini adalah tape singkong. Brownies tape ini juga memiliki banyak varian rasa seperti tape keju, coklat kacang, rasa original, dll. Harganya pun juga sangat murah, kurang lebih Rp. 35.000-, saja. Brownies tape bisa anda nikmati sendiri ataupun dibawa pulang sebagai oleh-oleh untuk keluarga. Anda tidak perlu khawatir basi karena brownies tape tersebut sangat awet dan tidak mudah basi.', '2020-01-26 01:36:45', 'admin', NULL, ''),
(6, 6, 'Sajian kuliner berjenis kue ini baru saja launcing varian baru yaitu rasa keju, almond, kismis, dan juga coklat. Cake edamame dapat kamu temukan di Toko Kue yang terletak di Jalan Trunojoyo Gang V, Jember dekat dengan Toko Buku Gramedia. Warna dasar cake ini adalah hijau layaknya edamame asli yang bisa dimakan setelah direbus terlebih dulu.', '2020-01-26 01:36:45', 'admin', NULL, ''),
(7, 7, 'Makanan ringan khas Jember yang satu ini juga berbahan dasar tape. Harganya terjangkau dan rasanya enak sehingga bisa membuat orang ketagihan setelah mencobanya. Meskipun secara tampilan tidak beda dengan jenis dodol lainnya, namun dodol tape ini menjadi unik karena terbuat dari tape. Dodol tape dijual dengan harga bervariasi antara 25 sampai 30 ribu rupiah saja.', '2020-01-26 01:36:45', 'admin', NULL, ''),
(8, 8, 'Penggemar es krim wajib mampir kesini nih, yaitu Depot Ice Cream Domino yang terletak di Jalan Trunojoyo Nomor 40, Jember. Jam buka mulai pukul setengah 10 pagi sampai dengan pukul 3 sore lalu buka lagi mulai pukul 5 sore sampai dengan pukul 9 malam. Depot ice cream domino ini sangatlah legendaris karena sudah buka selama kurang lebih 50 tahun dan dikelola oleh tiga generasi. Es krim yang disajikan bermacam macam, ada rasa coklat, vanilla, strawbery, mocca, rainbow, dan masih banyak lagi hingga 40 rasa.', '2020-01-26 01:36:45', 'admin', NULL, ''),
(9, 9, 'Makanan ini sangat lezat apalagi disantap dengan sambalnya. Bumbu racikannya juga meresap sempurna sehingga membuat siapapun yang memakannya tidak akan pernah bisa berhenti dan akan selalu nambah lagi dan lagi. Ikan wader biasanya disajikan bersama dengan sepiring nasi putih, sambal, lalapan. Hmm.. apalagi ditambah dengan segelas es teh di siang hari, pasti rasanya sangatlah mantap.', '2020-01-26 01:36:45', 'admin', NULL, ''),
(10, 10, 'Jenang Waluh juga menjadi salah satu makanan khas Jember yang juga dapat dijadikan sebagai oleh-oleh. Jenang Waluh ini terbuat dari labu kuning atau yang dalam istilah Jawa disebut dengan waluh. Jenang waluh biasanya disajikan dengan olahan ketan yang dicampur kelapa tua.Rasanya sangat enak dan recommended untuk dicoba. Untuk itu, jika anda berkunjung ke KotaJember ini, jangan lupa untuk mencicipi jenis makanan khas ini.', '2020-01-26 01:36:45', 'admin', NULL, ''),
(11, 11, 'Pecinta kuliner pedas harus mencoba lalapan sajiku ini. Ciri khasnya ada pada sambal ekstra pedas yang disajikan dengan ayam, lele ataupun bebek berbumbu khas masakan Jember. Ditambah dengan nasi hangat serta es teh.', '2020-01-26 01:36:45', 'admin', NULL, ''),
(12, 12, 'Martabak dan terang bulan King sangat cocok bagi kamu pecinta makanan manis. Berbagai varian rasa dan topping disajikan di martabak terenak dan terkenal di Jember ini. Kamu rugi jika ke Jember tidak sempat merasakan sajian martabak dan terang bulan dari King ini. Martabak dan terang bulan King dapat kamu temui di Jalan Karimata Nomor 50 tepatnya samping Hotel Royal, Jember. Buka mulai jam 3 sore sampai jam 10 malam.', '2020-01-26 01:36:45', 'admin', NULL, ''),
(13, 13, 'Martabak mungkin makanan biasa yang dapat dengan mudah anda temukan di Kota manapun. Sisi unik dari Martabak Malabar jember ini adalah isinya yaitu dari daging kambing dan rempah khas. Kulit martabak tipis, dagingnya tidakamis dan terasa sangat empuk. Mencium aroma martabak jenis ini saja akan membuat anda menelan air liur, tidak kebayang bukan bagaimana rasanya? Untuk bisa mencicipi martabak Malabar ini, anda bisa datang ke pertigaan Jl. Trunojoyo Jember.', '2020-01-26 01:36:45', 'admin', NULL, ''),
(14, 14, 'Mie rama dijual di resto mie rama yang terletak di Jalan Diponegoro Nomor 28, Jember. Meskipun dari luar resto ini terlihat sangat sederhana dengan nuansa vintage tempo dulu yang sangat kental, namun rasa dari sajian olahan mienya sangatlah menggoda. Resto mie ini buka mulai sore hingga malam hari sampai porsi mie dalam sehari habis. Beberapa menu dari resto mie rama adalah mi pangsit ayam, pangsit kuah, yong tahu (tahu isi daging), bakwan, dan beberapa menu lainnya yang tidak kalah enak.', '2020-01-26 01:36:45', 'admin', NULL, ''),
(15, 15, 'Isi dari Nasi Langgi ini yaitu nasi, daging sapi, sambal goreng tempe dan kentang, bumbu bali, telur asin, petis, abon sapi, mentimun, dan dilengkapi juga dengan sambal. Nasi Langgi ini juga dapat anda temukan dengan mudah di warung makan Kota Jember.', '2020-01-26 01:36:45', 'admin', NULL, ''),
(16, 16, 'Pecel dan gudeg adalah jenis makanan berbeda, namun di Kota jember keduanya dikolaborasikan sehingga menjadi satu jenis makanan yaitu pecel gudeg. Selain makanan pecel dan gudeg, di dalamnya juga terdapat potongan daging, cecek, rempeyek, dan tentunya dilengkapi dengan sambal pecel khas Kota Jember. Dalam satu porsi pecel gudeg tersebut bias anda sajikan dengan lauk yang beragam, dan hal tersebut dapat anda pilih sendiri menyesuaikan selera. Lauk tambahan yang anda pilih tersebut juga menjadi ukuran harga dari pecel gudeg. Semakin banyak lauk yang dipilih, maka bias semakin mahal, namun anda tidak perlu khawatir karena harga masih dalam taraf terjangkau. Untuk dapat mencicipi pecel gudeg ini, anda bisa mendapatkannya dengan mudah karena di jual di setiap warung makan di Jember.', '2020-01-26 01:36:45', 'admin', NULL, ''),
(17, 17, 'Pecel pincuk garahan mempunyai keunikan tersendiri karena wadah atau tempat yang digunakan untuk menyajikan makanan ini menggunakan daun pisang. Rasa masakan pecel pincuk dominan pedas yang berasal dari kuah sambal kacang yang disiram di atas bahannya, berbeda dengan pecel pada umumnya yang relatif mempunyai rasa gurih. Pecel pincuk garahan ini juga sedikit asam jika dirasakan. Bumbu sambal kacang dalam pecel pincuk garahan juga tidak sehalus bumbu pecel pada umumnya, bahkan kacang yang dipakai dalam bumbu kacang masih sangat terasa. Tambahan lain yang disajikan dalam satu porsi pecel pincuk garahan diantaranya adalah tauge dan sayur gundo. Setelah mencobanya, pasti kamu akan bisa membedakan rasa dari pecel biasa dan pencel pincuk garahan.', '2020-01-26 01:36:45', 'admin', NULL, ''),
(18, 18, 'Pia Tape ini juga berbahan dasar tape. Varian rasa dari pia tape ini juga beragam yaitu rasa pisang, strawberry, blueberry, cokelat, dll. Warna pia agak cokelat kekuningan dan sangat menggoda pandangan anda. Lebih dari itu, pada bagian kulit pia teksturnya agak keras, namun di bagian dalamnya lembut. Anda bisa juga mejadikan Pia Tape ini sebagai oleh-oleh untuk keluarga atau teman. Kemasannya mudah dibawa, modern, dan yang paling penting adalah dapat bertahan lama.', '2020-01-26 01:36:45', 'admin', NULL, ''),
(19, 19, 'Makanan ini juga terbuat dari tape yang sudah diinovasi oleh masyarakat jember. Prol tape ini cocok disajikan saat anda berkumpul dengan keluarga ataupun teman. Adapun bahan dari Prol Tape ini antara lain; tape singkong, tepung terigu, margarine, susu, dan telur. Rasa dari Prol tape ini yaitu perpaduan antara manis, asam/kecut, serta gurih. Prol tape juga memiliki beragam rasa seperti kismis, cokelat, keju, dan rasa original.', '2020-01-26 01:36:45', 'admin', NULL, ''),
(20, 20, 'Roti bakar tjiliwoeng ini merupakan tempat makan yang enak dijadikan tempat bersantai dengan teman maupun keluarga. Lokasinya sangat strategis berada di tengah Kota Jember. Kedai ini banyak menyediakan pilihan menu yang enak dan lezat olahan roti bakar. Alamat roti bakar tjiliwoeng ini berada di Jalan Ciliwung Nomor 11, Jember.', '2020-01-26 01:36:45', 'admin', NULL, ''),
(21, 21, 'Resep makanan khas Jember rujak cingur dapat dengan mudah kamu temukan melalui mesin pencarian google. Makanan tradisional Jawa Timur ini berbahan dasar cingur atau mulut dan hidung sapi. Kebayang nggak sih rasanya? Tapi setelah dicampur dengan bumbu kamu tidak akan menyangka bahwa yang dimasak adalah mulut dan hidung sapi.', '2020-01-26 01:36:45', 'admin', NULL, ''),
(22, 22, 'Sate CR merupakan kombinasi anatara sate kambing dan ayam yang kemudian disiram dengan mumbu kacang. Sate CR ini menjadi salah satu makanan favorit masyarakat kota jember. Tidak hanya itu, tekstur dagingnya juga sangat empuk serta rasanya gurih. Tak jarang, banyak para pendatang yang berasal dari luar kota memfavoritkan makanan ini.', '2020-01-26 01:36:45', 'admin', NULL, ''),
(23, 23, 'Soto ayam dahlok merupakan sajian kuliner legendaris di Jember karena sudah terkenal dan berdiri sejak tahun 1958. Nama dahlok diambil dari lokasi kedai soto ini yang persis berada di belakang apotek Dahlok, namun sekarang apotek tersebut sudah tutup. Soto dahlok disajikan dalam tiga macam masakan, yaitu soto biasa, soto istimewa, dan soto jeroan. Satu porsi soto ayam dahlok hanya dibanderol dengan harga 10 ribu rupiah saja. Lokasinya ada di Jalan Fatahillah Nomor 1, Jember.', '2020-01-26 01:36:45', 'admin', NULL, ''),
(24, 24, 'Suwar suwir terbuat dari tape dan sudah diproses dengan cara tertentu sehingga tekstur dari suwar suwir ini agak keras. Jenis tape yang dipilih yaitu tape singkong, kemudian dicampur dengan gula. Tampilannya mirip seperti dodol. Uniknya lagi, Makanan khas SUWAR-SUWIR ini sudah dibuat dengan beragam rasa, seperti rasa kacang, strawberry, coklat. Awal pembuatan, Suwar Suwir ini hanya diolah dengan satu rasa saja yaitu rasa sirsak. Suwar Suwir ini memang tidak seterkenal pecel gudeg, namun anda dapat mencobanya karena rasanya juga sangat lezat. Selain dapat dikonsumsi sendiri, Suwar Suwir ini juga dapat anda jadikan buah tangan/ oleh-oleh untuk keluarga maupun teman di rumah.', '2020-01-26 01:36:45', 'admin', NULL, ''),
(25, 25, 'Tahu Hwa memang kedengarannya sangat unik dan mungkin membuat anda penasaran seperti apa Tahu Hwa ini. Tahu Hwa adalah salah satu sajian kuliner Jember yang berasal dari ampas tahu, yang kemudian disajikan bersama kuah jahe. Rasanya agak sedikit pahit, namun karena ada campuran kuah jahe yang dibuat manis menjadikan makanan ini memiliki rasa enak dan unik, Anda wajib mencobanya jika berkunjung ke Kota Jember.', '2020-01-26 01:36:45', 'admin', NULL, ''),
(26, 26, 'Tape bakar sebenarnya makanan khas Bondowoso, hanya saja karena Bondowoso dan Jember bedekatan, makanan ini juga banyak ditemui di Jember. Terbuat dari tape singkong yang dibuang tengahnya kemudian diberi isian gula merah, selai buah, atau coklat dan dibalut dengan daun pisang untuk dibakar menjadikan tape bakar ini mempunyai rasa yang unik. Tape bakar lebih nikmat disantap ketika masih hangat.', '2020-01-26 01:36:45', 'admin', NULL, ''),
(27, 27, 'Minuman khas Jember ini sangat terkenal di kalangan warga asli Jember. Rasanya perpaduan antara asem, manis, dan hangat. Wedang cor biasanya disajikan bersama dengan pisang goreng, tahu isi, dan gorengan lainnya. Wedang cor terbuat dari campuran beberapa bahan diantaranya susu kental manis, tape singkong atau tape ketan hitam ditambah dengan jahe dan air hangat.', '2020-01-26 01:36:45', 'admin', NULL, '');

-- --------------------------------------------------------

--
-- Struktur dari tabel `tbdet_wisata`
--

CREATE TABLE `tbdet_wisata` (
  `id_detail` int(11) NOT NULL,
  `kd_wisata` int(11) DEFAULT NULL,
  `ket_wisata` varchar(5000) DEFAULT NULL,
  `crtdt` datetime DEFAULT NULL,
  `crtusr` varchar(20) DEFAULT NULL,
  `updatedt` datetime DEFAULT NULL,
  `updateusr` varchar(20) DEFAULT NULL
) ENGINE=InnoDB DEFAULT CHARSET=latin1;

--
-- Dumping data untuk tabel `tbdet_wisata`
--

INSERT INTO `tbdet_wisata` (`id_detail`, `kd_wisata`, `ket_wisata`, `crtdt`, `crtusr`, `updatedt`, `updateusr`) VALUES
(1, 1, 'Air Terjun Anjasmoro menawarkan keindahan yang sangat menakjubkan bagi setiap orang yang mengunjunginya. Uniknya, tidak hanya air terjun yang dapat dijumpai di sini, namun beberapa sumber mata air di dekat air terjun juga dapat dinikmati kesejukan dan kejernihannya. Legenda dari Air Terjun Anjasmoro ini juga masih kerap diperbincangkan dan terjaga di kalangan masyarakat Sumber Salak. Iwan Joyo selaku pengelola lokasi wisata tersebut menceritakan sebuah mitologi atau cerita rakyat kepada Times Indonesia yang mengunjungi lokasi itu pada akhir Maret lalu. \nMenurut cerita rakyat, konon Air Terjun Anjasmoro merupakan tempat berpisahnya Prabu Damar Wulan yang merupakan salah satu tokoh dari Kerajaan Majapahit dengan Anjasmoro serta Kencana Wungu. \nSebelum Prabu Damarwulan berangkat ke Kerajaan Blambangan di Banyuwangi untuk melawan kegananasan Prabu Minak Jinggo yang tidak lain merupakan seorang raja di Kerajaan Blambangan, mereka berpisah di tempat ini.\nAnjasmoro merestui dan merelakan kepergian Prabu Damar Wulan untuk melawan Prabu Minak Jinggo. Sedangkan Kencana Wungu tidak merelakan kepergian Damar Wulan karena khawatir terhadap nasib Prabu Damar Wulan ketika melawan Raja Blambangan yang terkenal dengan kesaktiannya itu.\nSepeninggal Damar Wulan, Kencana Wungu mulai dirundung kesedihan dan menangis terus-menerus sehingga tetesan air matanya menjelma menjadi sumber mata air dan lokasinya tidak jauh dari Air Terjun Anjasmoro, kata Iwan. \nIa juga mengatakan bahwa sebelum dijadikan destinasi wisata, keberadaan air terjun tidak terawat dan banyak ditumbuhi rerumputan liar dan terkesan angker. \nNamun berkat kesadaran pemuda sekitar dan bersamaan dengan bangkitnya destinasi wisata di Jember, akhirnya area sekitar air terjun tersebut mulai dibersihkan, terang Iwan.\nLokasi wisata ini dibuka sejak awal tahun 2016. Sejak itu, pengunjung tidak berhenti untuk datang dari berbagai daerah hingga saat ini.\nDengan harga tiket Rp 3.000 pengunjung dapan menikmati kesejukan Air Terjun Anjasmoro.\nKejernihan air terjun akan menjadi daya tarik tersendiri untuk mendekatkan diri ke air terjun dan menikmati kedinginannya. Apalagi di Samping air terjun terdapat aneka macam bunga yang sedap dipandang mata. \nDedaunan yang menghijau, suara jatuhan air terjun dan suara pohon bambu ketika diterjang angin, menambahkan rasa dekat dengan alam. Rasa kagum dan syukur terhadap ciptaan Tuhan pun bertambah.\nKebahagian akan terasa lengkap dengan memboyong anggota keluarga ke tempat ini, keindahan Air Terjun Anjasmoro dapat menjadi latar belakang yang menarik saat berfoto  bersama keluarga.\nTak hanya itu,  bagi pengunjung yang hobi memancing, dapat membawa alat pancing ke tempat ini. Karena tak jarang pengunjung yang memancing di kolam dekat air terjun. \nSepulang dari air terjun, pengunjung dapat menghangatkan badan dengan membeli kopi atau jajanan hangat yang dijual oleh beberapa warga di sekitar pintu masuk lokasi tersebut. \nJika pengunjung masih ingin melanjutkan perjalanan, masih terdapat Air terjun Damar Wulan yang tak jauh dari lokasi Air Terjun Anjasmoro. Lokasi tersebut dapat ditempuh hanya dengan berjalan kaki.\nMeski lokasinya cukup menyempil, rute menuju tempat ini tidak terlalu susah. Cukup membuka Google Map atau bertanya kepada warga setempat ketika tiba di Desa Sumber Salak.\nPerjalanan ke Air Terjun Anjasmoro, Jember dapat ditempuh kurang lebih satu jam dari pusat kota Jember atau berjarah 30 kilometer dari pusat kota.', '2019-12-07 13:10:36', 'admin', '0000-00-00 00:00:00', ''),
(2, 2, 'Air Terjun Antrokan merupakan salah satu wisata yang masih alami. Air terjun ini diisuguhi dengan pemandangan yang sangat cantik. Hijau, asri, dan masih alami. Air Terjun Antrokan seperti ada di sebuah lubang dengan tebing batu yang mengelilingi daerah aliran sungainya. Air Terjun Antrokan  terletak di kawasan PTPN XII Gunung Rayap, Desa Kemuning Lor, Kecamatan Arjasa, Kabupaten Jember. \nKeindahan yang disuguhkan tidak menyurutkan semangat untuk menjelajahi keindahan alam Kabupaten Jember tercinta. Selain itu, kecantikan air terjun ini bertambah dengan aliran airnya yang sangat jernih melewati batu-batu sungai yang besar. \nTerbukti, walaupun lokasinya berada di pelosok dan membutuhkan perjuangan untuk bisa kesanana, kawasan ini tetap ramai dikunjungi. Hal tersebut tentu menambah penghasilan daerah Kota Jember di sektor pariwisata. Bahkan juga memberikan pekerjaan bagi orang-orang disekitar wisata Air Terjun Antrokan. Oleh karena itu, semakin hari Kota Jember semakin terkenal dan mengalami banyak kemajuan, terutama dari segi infrastruktur. \nDari segi fasilitas, di Air Terjun Antrokan hanya ada tangga sebagai alat bantu Anda untuk sampai disana. Sedangkan area parkirnya dikelola oleh warga sekitar. Artinya, disana belum ada tempat parkir khusus bagi pengunjung. \nNamun, Anda tidak perlu khawatir saat disana, para warga akan menyambut Anda dengan senang dan ramah layaknya tamu penting. Untuk urusan perut, belum seperti tempat wisata lainnya yang banyak pedagang, kafe, resto atau yang lainnya. \nDilokasi ini hanya ada warung-warung kecil, milik warga sekitar. Tiket masuk ke Air Terjun Antrokan Jember hanya dikenakan biaya sebesar Rp 5000 per orang termasuk biaya parkir kendaraan. \nBagi anda yang ingin mengunjungi keindahan Air Terjun Antrokan Tanggul, harus menempuhnya perjalanan yang sangat panjang. Anda bisa menggunakan kendaraan sepeda motor membutuhkan waktu sekitar 30 menit. \nSetelah itu sampai di jalan setapak, anda bisa melanjutakan dengan berjalan kaki. Anda akan bertemu dengan sepanjang sungai dan bertemu dengan beberapa tanaman kopi. Ada beberapa jalan yang tidak begitu jelas, namun jika diperhatikan lagi kita bisa melihat kalau jalan itu pernah dilalui.\nAnda juga harus lewat di bawah pohon bambu yang menjulur ke tengah sungai. Namun saat itulah lokasi air terjun sudah mulai terdengar. Jangan khawatir, pemandangan indah sepanjang perjalanan akan menemani kalian menuju Air Terjun dan membuat kalian akan terpesona.', '2019-12-07 13:12:52', 'admin', '0000-00-00 00:00:00', ''),
(3, 3, 'Bicara soal Jember, kebanyakan orang lebih sering mengingat Pantai Papuma atau kuliner prol tape. Namun di balik itu semua, Kabupaten Jember masih banyak menyimpan potensi wisata yang patut diketahui. Salah satunya adalah Air Terjun Rayap yang masih belum sering dijamah. \nAir Terjun Rayap terletak di Dusun Rayap, Desa Kemuning Lor, Arjasa. Banyak hal menarik yang bisa didapatkan pengunjung di sini. Lantas seperti apa tepatnya?  \nNama Wisata yang Unik. \nAir Terjun Rayap sebenarnya memiliki nama Air Terjun Anugerah. Namun warga sekitar lebih mengenalnya dengan nama Rayap atau Air Terjun Rembangan. \nHal tersebut dikarenakan air terjun ini terletak di daerah Kebun Renteng, Afdeling Rayap milik PTPN XI (Persero). Lokasinya tidak jauh dari Wisata Rembangan yang terkenal dengan pemandangan indah dari puncak perbukitan. \nPerjalanan Menuju Air Terjun Rayap. \nMenuju Air Terjun Rayap bisa dibilang gampang-gampang susah. Petunjuk arah untuk memasuki wilayah Perkebunan Renteng cukup minim. Navigasi menggunakan GPS pun tak bisa dipakai sebagai acuan, karena seringkali tidak akurat. \nUntuk mencapai pintu masuk Kebun Renteng, Afdeling Rayap, acuannya adalah titik sebelum peternakan sapi perah ke arah jalan menuju Wisata Rembangan. Di sana terdapat jalan kecil dengan papan petunjuk. Ikuti jalur yang disarankan dan dalam beberapa saat akan sampai di portal masuk Kebun Renteng. \nSetelah itu, jalan yang dilalui adalah jalan makadam dengan bebatuan yang cukup besar. Tidak disarankan mengunjungi Air Terjun Rayap saat musim penghujan, karena dapat dipastikan jalanan sangat licin. Lebih baik jika berkendara menggunakan motor, karena jalan khas perkebunan yang dilalui takkan sanggup diatasi kebanyakan mobil. \nSekitar kurang lebih 200 meter dari portal, akan ada pertigaan. Dari situ ambillah jalan ke kiri dan tak lama berselang akan ada menemukan tanjakan cukup tinggi. Langsung saja menuju ke arah kanan. \nBagi yang kurang ahli mengemudikan motor, lebih baik didorong saja. Bebatuan di sini sangat licin dan rawan membuat terjatuh. Beberapa puluh meter berikutnya akan kembali ada tanjakan. Tetap ambil arah ke kanan, namun selebihnya jalan cenderung datar. \nKeindahan Air Terjun Rayap. \nSetelah menempuh perjalanan selama kurang lebih 30 menit, akan ada sebuah gubuk. Gubuk ini berfungsi sebagai tempat parkir kendaraan, karena jalan selanjutnya tidak bisa ditempuh dengan kendaraan. \nBiaya parkir hanya sekitar 10 ribu rupiah. Lumayan terjangkau, mengingat untuk masuk kawasan ini tidak ditarik karcis. Meskipun ada petugas parkir, tetap harus waspada. Jangan lupa kunci ganda kendaraan dan amankan helm. \nSetelah berjalan 10 menit dari gubuk, pengunjung akan sampai di lokasi Air Terjun Rayap. Sepanjang jalan terlihat aliran sungai yang nantinya bermuara di air terjun. Suara gemericik ditambah dengan suasana asri perkebunan kopi membuat perjuangan menuju lokasi terasa tak melelahkan. \nAir Terjun Rayap memiliki ketinggian kurang lebih 10 meter dengan lebar mencapai dua meter. Termasuk pendek, namun debet airnya lumayan tinggi. Harus ekstra hati-hati dan tidak terlalu mendekati bagian bawah air terjun. \nBelum terlalu banyak orang mengetahui keberadaan lokasi wisata ini, sehingga pengunjung bisa leluasa berswafoto dan mengambil gambar sepuasnya. Namun tetap harus ingat waktu, karena daerahnya berada di tengah hutan dan penerangan di malam hari cukup minim. \nPenginapan Berupa Villa. \nBagi yang terlalu lelah dan ingin menginap di sini, bisa menyewa villa di kaki Gunung Rayap. Namun tarifnya cukup mahal, sekitar 1,3 juta rupiah per malamnya. \nItulah sedikit gambaran mengenai keindahan dan daya tarik Air Terjun Rayap. Bagi traveler yang senang dengan petualangan dan merasa penat akan suasana perkotaan, bisa menjadikan lokasi ini sebagai alternatif tempat jalan-jalan. Suasananya masih sangat asri.', '2019-12-07 13:16:33', 'admin', '0000-00-00 00:00:00', ''),
(4, 4, 'Bagaikan oase di tengah belantara, Air Terjun Tancak menyuguhkan pesona alam yang memukau dan akan memanjakan setiap mata yang memandangnya. Letaknya yang berada di area pegunungan Argopuro dengan akses yang kurang mendukung membuat tempat wisata di Jember ini seolah tersembunyi dibalik kecantikannya. \nDengan ketinggian tebing hingga 82 meter serta debit air hingga 150 m3 per detik, air terjun  tampak begitu memukau. Dan lagi lintasan pendakian yang cukup aman membuat tempat ini layak dikunjunginterutama bagi pecinta traveling.\n\nInformasi: \nNama: Air Terjun Tancak. \nAlamat: Area Pegunungan Argopuro, Suci, Panti, Kabupaten Jember – Jawa Timur.', '2019-12-07 13:18:43', 'admin', '0000-00-00 00:00:00', ''),
(5, 5, 'Air Terjun Tancak Tulis begitulah orang menyebutnya sebuah keindahan alam yang begitu mengagumkan, dimana sebuah air terjun yang cukup tinggi bahkan bisa dikatakan paling tinngi di kota  jember jika dibandingkan dengan air terjun lainnya seperti air terjun Antrokan dan Air Terjun Damar Wulan, air terjun tancak tulis ini juga dikenal dengan julukan air terjun yang turun dari langit karena memang pesona ir terjun yang meluncur di antara tebing tinggi ini terlihat seperti terjun dari langit, dengan letak yang cukup terpencil dan berada di kawasan pegunungan argopuro membuat suasana alam di lokasi tersebut sangat alami dan pemandangan hijau yang menghiasinya sangatlah memanjakan dan tentunya jauh dari kebisingan. Bagi masyarakat jember kususnya kawasan tanggul pasti sudah tidak asing lagi dengan air terjun ini karena memang namanya cukup dikenal bahkan tiap harinya adasaja wisatawan yang mengunjungi lokasi wisata alam tersebut, namun bagi anda yang belum tau dan penasaran ingin menyaksikan pesona air terjun tancak tulis ini berikut admin akan berikan gambaran tentang lokasi, rute jalan dan hal menarik yang bisa dilakaukan di air terjun tancak tulis tersebut. \n\nLokasi/Alamat Air Terjun Tancak Tulis. \nAir Terjun Tancak Tulis ini berlokasi di Kecamatan Tangggul, Kabupaten jember, Jawa Timur, Indonesia. Tepatnya berada di kawasan Perkebunan XII Kebun  Zeelandia Tanggul, jika dari alun-alun tanggul jarak tempuk ke tancak ini kurang lebihnnya memakan waku 1,5jam perjalanan dengan medan yang cukup menantang karena anda kan melewati jalan terjal dan berbatu, tidak disarankan pakai motor metik jika hendak ke wisata ini. Untuk rute anda bisa arahkan kendaraan anda menuju Kator Desa Tanggul Wetan –lalu lanjutkan Menuju Desa Darungan-Sampai di Kantor Desa Darungan belok kiri terus hingga sampai di Desa Tulis, nah  dari sini lokasi sudah dekat dan anda harus melanjutkannya dengan berjalan kaki kurang lebihnya memakan waktu 15menit dan sampailah di lokasi air terjun tancak tulis (air terjun yang jatuh dari langit). \nPesona air terjun yang sangat jernih dan cukup dingin jika bersentuhan dengan kulit akan membuat rasa lelah anda terusir dan tentunya bermain air di kolam bawah air terjun tersebut sangalah mengasyikkan dan akan membuat anda fress kembali, berfoto-foto dilokasi air terjun ini juga sangat keren banyak spot pemandangan yang bisa anda jadikan obyek untuk berfoto-foto, datang kesini lebih serunya bareng ramai-ramai bersama teman, komunitas dan sebaginya dan lebih baiknya datang dikala musim kemarau karna jika dimusim hujan jalan cukup berbahaya.\n\nFasilitas dan Tiket Masuk. \nUntuk fasilitas di wisata alam air terjun tancak tulis ini masih belum ada jadi anda persiapkan terlebih dahulu segala kebutuhan sebelum berangkat menuju air terjun tersebut, untuk tiket masuk masih gratis. Namun perlu di ingat Jangan Meninggalkan Sesuatu Kecuali Jejak. \nBagaimana tertarik untuk menaklukkan air terjun tertinggi di jember ini? Langsung saja deh masukkan di list libutran kalian', '2019-12-07 13:22:34', 'admin', '0000-00-00 00:00:00', ''),
(6, 6, 'Keindahan wisata alam di Kota Jember memang tidak pernah ada habisnya, seperti halnya wisata alam yang terletak di Desa Rowosari Kecamatan Sumber Jambe Kabupaten Jember ini adalah salah satu dari begitu banyaknya pesona alam yang dapat kita jumpai di Jember, dan tempat wisata alam ini bernama Air Terjun 7 Bidadari. Seperti namanya bahwa pada kawasan ini kalian akan menjumpai 7 air terjun yang berbeda-beda dimana setiap air terjun akan menyuguhkan keindahan alamnya tersendiri. Air yang mengalir di sepanjang 7 Air Terjun Rowosari ini sendiri berasal dari kaki gunung raung yang terkenal dengan airnya yang bersih dan dingin. Jarak disetiap air terjun itu sendiri dapat dibilang llumayan jauh sob, dan untuk memasuki kawasan air terjun yang selanjutnya kalian akan disuguhkan dengan pemandangan tebing-tebing yang tinggi dan juga alam hijau yang begitu indah. Namun, rute dari satu air terjun ke air terjun lainnya sangat terjal, berbatu dan licin sob. \n\nUntuk kalian yang ingin berkunjung ke Air Terjun 7 Budadari ini kalian dapat langsung saja ke Desa Rowosari Kecamatan Sumber Jambe Kabupaten Jember, jarak air terjun Tujuh Bidadari ini sekitar 35 Km dari Pusat Kota Jember sob. Untuk menuju kawasan wisata alam ini kalian harus melewati beberapa kecamatan dan juga hamparan persawahan yang hijau. Akses menuju pintu masuk air terjun rowosari ini pun dapat dilalui menggunkan kendaraan mobil atau motor, namun untuk jalannya sendiri masih terbilang belum cukup bagus karena terdapat bebatuan yang membuat akses kendaraan terutama mobil sedikit susah untuk memmasuki kawasan pintu masuk air terjun rowosari ini. Setelah sampai di pintu masuk air terjun tersebut kalian dapat membeli tiket dan langsung memarkirkan kendaraan kalian ditempat parkir dikawasan tersebut. \n\nKetika sampai pada kawasan Pintu Masuk Air Terjun 7 Bidadari ini maka kita akan disuguhkan dengan fasilitas yang lengkap seperti pepohonan yang rindang, hiasan lampion di sekitar area tempat parkir, Kursi kayu untuk melepas penat, ayunan jaring-jaring, jembatan yang di penuhi dengan gantungan-gantungan payung di atasanya dan juga kadang terdapat atraksi trail menaiki bukit yang dilakukan oleh petugas Kawasan air terjun 7 bidadari tersebut sobat. Setelah kalian selesai beristirahat dan menikmati fasilitas di sekitar pintu masuk tersebut. Kalian dapat melangsungkan perjalanan menuju Pintu Masuk Dan Tempat Parkir Air Terjun Tujuh Bidadari : \nPintu masuk area wisata alam air terjun 7 bidadari.\nUntuk memasuki kawasan air terjun Wonosari ini kalian hanya membayar tiket seharga Rp 5.000/orang. Untuk biaya parkir motor Rp 3.000 rupiah dan biaya parkir mobil Rp 5.000, biaya tersebut sebanding dengan fasilitas dan keindahan alam yang dapat kalian nikmati. \n\nRumah Kayu di Air Terjun Tujuh Bidadari. \nDisepanjang Kawasan Wisata Air Terjun 7 Bidadari ini kalian akan menemukan beberapa omah kayu yang di peruntukkan sebagai pos istirahat para pengunjung ketika mereka kelelahan. Pos istirahat ini sendiri dapat digunakan atau dinikmati untuk semua pengunjung wisata air terjun tujuh bidadari. \nKawasan wisata alam Air Terjun 7 Bidadari ini sendiri di buka pada pukul 08.00 - 16.00. Jadi untuk kalian yang ingin berkunjung ke tempat ini sebaiknya berkunjunglah pada jam yang telah di tentukan oleh petugasnya yaitu jam 08.00 hingga jam 16.00. Dan untuk kalian yang ingin mengabadikan foto di air terjun dengan background pelangi seperti gambar admin diatas saran admin datanglah pada siang hari, karena pada siang hari tersebut selain kalian dapat melihat semua pemandangan dengan jelas kalian juga dapat menjumpai pelangi yang dihasilkan dari percikan  air terjun dengan perpaduan sinar matahari. \n\nAliran Air dari Air Terjun 7 Bidadari. \n Sekian review perjalanan admin pada saat mengunjungi kawasa Air terjun tujuh Bidadari di Desa Rowosari tersebut sobat.  Semoga bermanfaat untuk siapa saja yang membacanya.', '2019-12-07 13:26:47', 'admin', '0000-00-00 00:00:00', ''),
(7, 7, 'Bagi anda pecinta destinasi alam Kabupaten Jember, kini telah dibuka obyek wisata alam yang tidak pernah akan anda temukan sebelumnya. \nTepatnya sebelah selatan Kecamatan Puger, di sebelah timur perumahan, dekat dengan laut, itulah bukit pasir puger, yang baru di buka oleh Aliansi Peduli Lingkungan Hidup(Ampuh). \nSekitar kurang lebih 3 minggu tempat wisata di atas gundukan pasir yang dibangun dengan jalan setapak naik, sisi kiri kanan menggunakan bambu untuk berpegangan menambah elok dan alami pemandangan. \nPara wisatawan bisa memanjakan mata ke segala arah, mulai hamparan pasir, luasnya lautan dan ombak berkejaran, juga indahnya ratusan perahu penangkap ikan yang bersandar akan menghilangkan letih dan penat memikirkan pekerjaan. \nDitambah dengan hiruk pikuk tempat pelelangan ikan, yang bisa di lihat radius 50 meter dari atas bukit pasir nan elok tersebut, membuat para Wisatawan akan menemukan sensasi baru memanjakan lidah untuk sekedar membakar ikan khas puger. \n\nSeakan baru beranjak dari sadar, bahwa Kabupaten Jember, ternyata memliki SURGA ALAM yang tiada bandingannya, hilang semua kegalauan dan kegundahan hati diterpa tiupan angin sepoi-sepoi. \nKeelokan yang sangat fantastis akan terasa pada pagi dan sore hari, seakan enggan untuk pulang dan ingin berlama-lama menikmati pemandangan alam.\nSeperti ungkapan jujur salah satu wisatawan lokal, Kawas (34), pria lajang asal Desa Ambulu ini rela menyempatkan waktunya bersama teman- temannya hanya untuk melihat indahnya bukit Pasir yang sedang ramai di bicarakan di medsos beberapa hari ini.\"\"Wah ternyata benar indah\"\" ucapnya sambil menghirup nafas. \nMohamad abdul sholeh,(34), asli puger kulon juga sama, dirinya selama ditunjuk menjadi penjaga bukit pasir mengakui kalau tempat tersebut semakin hari, semakin banyak pengunjung. \n\nDisini tiap hari ramai mas, dan tiket masuk tidak membayar, hanya penitipan motor 3 ribu saja sudah bisa melepaskan penat seharian, katanya. \nDestinasi wisata alam Bukit Pasir Puger, adalah salah satu tempat dari ratusan obyek wisata Kabupaten Jember yang masih belum diketahui masyarakat banyak, dan belum dikelola secara maksimal.', '2019-12-07 13:31:00', 'admin', '0000-00-00 00:00:00', ''),
(8, 8, 'Sungguh sangat indah panorama sunset, cahaya merah keemasan muncul dibalik bukit yang tersembunyi, menjadi pertanda matahari mulai lengser dan sore hari akan menyapa, sebelum kegelapan malam tiba. Keindahan tersembunyi tersembunyi tersebut bisa anda temukan di Bukit Samboja, Jember. \nSekitar 38 km arah selatan dari pusat Kabupaten Jember, Jawa Timur anda bisa menemukan Bukit Samboja. Bukit ini termasuk salah satu bukit yang terdapat di area pantai Payangan, dan bersebelahan dengan pantai Watu Ulo. \nIndahnya Samudra Hindia akan tampak sangat nyata di depan mata. Bersambut dengan angin sepoy-sepoy sore hari, semakin menambah romantisme alam ketika pengunjung menapakkan kedua kakinya di atas Bukit Samboja. \nUntuk menuju Bukit Samboja cukup mudah, kondisi jalanan sudah baik. Namun ketika menaiki Bukit Samboja anda harus menyiapkan fisik yang prima, kemiringan bukit lumayan menguras fisik dan anda akan disambut jalanan berbatu. Sebaiknya menggunakan sandal gunung atau sepatu gunung. \n\nBegitu sampai di atas bukit, hamparan luas menyambut anda bertabur suara hempasan ombak menabrak bukit. Pantai Papuma dan Pulau Nusa Barong tampak terlihar sangat elok di atas bukit. \nMomen yang ditunggu sudah semakin dekat, matahari sudah mulai tenggelam. Disitulah klimaks keindahan Bukit Samboja benar-benar tampak, cahaya merah khas sunset berbalut sejuknya angin sore khas pantai membuat anda seakan tidak mau beranjak dari indahnya sore. \nTidak sampai disitu, bahkan ketika matahari terbenam pun bias cahaya matahari berwarna jingga menghiasi langit-langit Bukit Samboja, sungguh tidak terlupa. \nBukit Samboja merupakan tempat wisata yang masih dikelola warga sekitar dan baru dibuka ketika 2011. \nIni masih dikelola warga sendiri mas, jadi bukit ini resmi dibuka ya tahun 2011, awalnya dulu banyak pengunjung sering jatuh atau terpeleset ketika mau ke bukit, kita berinisiatif bangun jalan memperbagus jalanan ketika ke bukit nah dari situ kita mulai kelola, terang Handoko warga sekitar yang jadi pengelola Bukit Samboja.\nKeindahan Bukit Samboja diakui wisatawan menjadi sebuah keindahan tersembunyi yang pernah ia temukan. \nBagus sekali, sunsetnya terlihat jelas, seakan menemukan keindahan yang tersembunyi saya mas, kata Handi wisatawan asal Bandung merasa kagum. \nUntuk dapat memasuki Bukit Samboja, anda cukup memberi kontribusi sebesar Rp 10 ribu, biaya tersebut sudah termasuk biaya masuk dan parkir. Murah sekali bukan? Tunggu apalagi, nikmat soremu di Bukit Samboja, Kabupaten Jember.', '2019-12-07 13:34:59', 'admin', '0000-00-00 00:00:00', ''),
(9, 9, 'Wisata Cottage Gunung Sepikul Jember adalah salah satu tempat wisata yang berada di Jalan PB. Sudirman No. 333, Kecamatan Pakusari, Kabupaten Jember, Jawa Timur, Indonesia. Wisata Cottage Gunung Sepikul Jember adalah tempat wisata yang ramai dengan wisatawan pada hari biasa maupun hari liburan. Tempat ini sangat indah dan bisa memberikan sensasi yang berbeda dengan aktivitas kita sehari hari. Wisata Cottage Gunung Sepikul Jember memiliki pesona keindahan yang sangat menarik untuk dikunjungi. Sangat di sayangkan jika anda berada di kota Jember tidak mengunjungi wisata Cottage Gunung Sepikul Jember yang mempunyai keindahan yang tiada duanya tersebut. Wisata Cottage Gunung Sepikul Jember sangat cocok untuk mengisi kegiatan liburan anda, apalagi saat liburan panjang seperti libur nasional, ataupun hari ibur lainnya. Keindahan wisata Cottage Gunung Sepikul Jember ini sangatlah baik bagi anda semua yang berada di dekat atau di kejauhan untuk merapat mengunjungi tempat wisata Cottage Gunung Sepikul di kota Jember. 41 Daftar Tempat Wisata di Jember Jawa Timur Harus Anda Kunjungi. \n\nLokasi. \nDimana lokasi Wisata Cottage Gunung Sepikul Jember ? seperti yang tertulis di atas lokasi terletak di Jalan PB. Sudirman No. 333, Kecamatan Pakusari, Kabupaten Jember, Jawa Timur, Indonesia. Tetapi jika anda masih bingung di mana lokasi atau letak Wisata Cottage Gunung Sepikul Jember saya sarankan anda mencari dengan mengetik Wisata Cottage Gunung Sepikul Jember di search google maps saja. Di Google maps sudah tertandai dimana lokasi yang anda cari tersebut. \n\nDaya Tarik. \nWisata Cottage Gunung Sepikul Jember merupakan tempat wisata yang harus anda kunjungi karena pesona keindahannya tidak ada duanya. Penduduk lokal daerah Wisata Cottage Gunung Sepikul Jember juga sangat ramah tamah terhadap wisatawan lokal maupun wisatawan asing. Kota Jember juga terkenal akan Wisata Cottage Gunung Sepikul Jember yang sangat menarik untuk dikunjungi. Baru-baru ini Gunung Sepikul menjadi bahasan dunia untuk dijadikan tempat wisata baru di Jember. Bahkan investor asing dari jepang ingin membeli Gunung Sepikul sebagai tempat usahanya di bidang wisata. Namun karena Gunung adalah aset negara maka cita-cita tersebut tidak tersampaikan. \nGunung sepikul memang Ikon yang sangat tepat untuk dijadikan tempat wisata. dengan adanya dua bukit yang tak terlalu tinggi, sehingga mampu di jangkau siapapun yang ingin menikmati keindahan jember. udara alami yang sejuk serta pemandangan perkebunan dan persawahan yang menguning membuat keindahan alam gunung tersebut semakin Indah dan menawan. Selain keindahan Alamnya, Gunung Sepikul juga menyimpan banyak sejarah yang harus dilestarikan dan dapat dijadikan sebagai Study Wisata. 41 Daftar Tempat Wisata di Jember Jawa Timur Harus Anda Kunjungi. \n\nFasilitas. \nWisata Cottage Gunung Sepikul Jember bisa dibilang sebuah wisata alam yang memiliki beberapa akan fasilitas dan pelayanan di antaranya sebagai berikut : \n\n– Area Parkir kendaraan \n– Tempat Penginpan \n– Kamar mandi / MCK \n– Tempat Berteduh. \n– dan masih ada lainya. \nTransportasi. \nBagi wisatawan asal kota Jember sudah tidak bingung lagi untuk mendatangi lokasi wisata Cottage Gunung Sepikul Jember. Akan tetapi bagaimana bagi wisatawan luar kota bahkan luar negeri, tentu mereka bingung dan takut kesasar. Tapi jangan khawatir bagi wisatawan luar kota Jember saya mempunyai solusinya agar anda semua tidak kesasar. Tentunya sarana transportasi apa yang anda pakai untuk berwisata ke Cottage Gunung Sepikul Jember dengan memakai kendaraan pribadi seperti : Mobil atau motor pribadi. Anda bisa meminta panduan arah ke wisata Cottage Gunung Sepikul Jember di google maps yang terpasang di smartphone anda. Karena memakai kendaraan pribadi akan lebih menyenangkan dari pada memakai kendaraan umum. Akan tetapi jika anda memakai kendaraan umum seperti : bis umum atau angkutan lainnya juga bukan masalah besar, pasalnya anda bisa berhenti di terminal bus desa Pakusari. Setelah itu melanjutkan dengan menggunakan ojek ataupun kendaraan pribadi anda menuju lokasi Wisata Cottage Gunung Sepikul tersebut. \nSaran dan Tips. \nSaran dan tips sebelum menuju ke tempat wisata Cottage Gunung Sepikul Jember, anda perlu mempersiapkan keperluan yang akan butuhkan. Serta beberapa barang tambahan seperti kamera karena anda pasti ingin mengabadikan moment bersama kelurga ataupun teman – teman anda. Jangan lupa bawa perlengkapan kesehatan (contohnya adalah sabun, tissue basah, obat-obatan, antiseptik). Siapkanlah fisik dan kendaraan anda supaya liburan anda berjalan dengan lancar. Jaga kondisi diri anda dan selalu berhati – hati.', '2019-12-07 13:39:28', 'admin', '0000-00-00 00:00:00', ''),
(10, 10, 'Dira Park adalah tempat wisata di Jember yang menyediakan ragam wahana dan atraksi wisata di satu lokasi. Wahana wisata utamanya memang berupa water-boom, tetapi wahana lain juga tersedia. Karenanya sangat cocok dijadikan tempat liburan bersama keluarga, anak-anak, ataupun teman. \nDengan berbagai wahana tak salah jika destinasi wisata ini senantiasa ramai di akhir pekan dan musim libur sekolah. Meskipun tengah ramai, pengunjung tetap bisa mendapat kenyamanan karena area Dira Park ini cukup luas dan terbagi dalam beberapa zona. \n\nHarga Tiket Dira Park. \nPengunjung bisa menikmati beragam wahana permainan di Dira Park. Namun untuk mengakses dan bermain di tempat wisata ini pengunjung akan dikenakan biaya tiket. Tapi tenang saja harga tiket masuk Dira Park cukup terjangkau hanya Rp15.000. \nHarga Tiket Masuk Dira Park. \nSetiap Hari Rp15.000. \nSepeda Air Rp5.000. \nHarga tiket sudah termasuk bermain semua wahana yang tersedia kecuali sepeda air. \n\nJam Buka. \nAgar bisa puas bermain, pengunjung bisa datang mulai pagi hari. Dira Park sudah dibuka mulai pukul 07.30 setiap hari. \nJam Buka Dira Park. \nSetiap Hari 08.00 – 17.00 WIB. \n\nUntuk periode lebaran, taman ini buka 2 hari setelah lebaran. \n\nWahana Permainan. \nSeperti yang sudah dikatakan sebelumnya, taman rekreasi ini terdiri dari beragam wahana permainan. Tak hanya kolam dan permainan air, ada juga wahana lain seperti dari komidi putar, bianglala, dan kereta mini. Berikut beberapa wahana yang bisa dimainkan. \nWahana permainan air di kolam khusus anak. \nKolam & Wahana Permainan Anak. \nDi area kolam ini terdapat wahana water playground berupa perosotan, air pancur, dan atraksi ember tumpah. Anak-anak bisa aman bermain disana karena kolamnya hanya sedalam sekitar 20 cm dan permainannya juga memang dikhususkan untuk anak-anak. \nKolam Wahana Peluncuran Air. \nKolam lainnya yang menjadi primadona pecinta tantangan ialah wahana water slide. Terdapat beberapa perosotan yang bisa dipilih dengan ketinggian yang berbeda. Menariknya, area perosotan dikelilingi oleh pepohonan sehingga akan memberi kesan ketika meluncur. Kolamnya juga cukup luas sehingga bisa dimanfaatkan untuk arena bermain air. \n\nKolam Renang Dalam Ruangan. \nHal yang berbeda di Dira Park ialah adanya kolam renang indoor. Kolam dengan kedalaman sekitar 160 cm ini diperuntukkan bagi remaja dan orang dewasa. Biasanya digunakan untuk olahraga berenang atau belajar berenang. Tak hanya itu, menariknya meskipun kolam indoor, tapi terdapat juga wahana perosotan spiral. \nKolam Renang Indoor.\nKolam Indoor yang membuat pengunjung tidak perlu khawatir hujan. Tidak hanya kolam terdapat juga wahana peluncuran. \n\nPlaza Air Pancur . \nSelain di area kolam, anak-anak bisa pula bermain di area air pancur. Area ini dikhususkan untuk beraneka ragam instalasi permainan air. Ada air pancur yang keluar dari lantai, patung yang mengeluarkan pancuran air, hingga bentukan pipa melengkung yang menyemburkan air. \nSepeda air. \n\nWahana yang biasanya ada di danau ini juga tersedia kawasan wisata ini. Terdapat beberapa sepeda air dengan berbagai bentuk yang bisa dipilih. Pengunjung cukup mengayuh sepeda air dan bisa berkeliling area kolam. Area kolam juga luas dan terdiri dari beberapa zona sehingga tidak akan membosankan.\nWahana sepeda air di danau.\nBersantai mengelilingi area taman menggunakan sepeda air. Wahana Permainan Non Air. \nWahana-wahana ini pasti disukai balita dan anak-anak. Ada rumah balon, komidi putar, bianglala mini, dan kereta wisata. Suasananya seperti pasar malam yang dipenuhi dengan berbagai permainan yang menyenangkan. Wahana-wahana ini sendiri berada di ruang beratap sehingga nyaman bagi anak-anak tanpa kepanasan atau kehujanan. \n\nWahana yang cukup menarik perhatian juga ialah Kora-kora atau di Dira Park dinamai Colombus. \nWahana ini akan mengajak pengunjung diayun-ayun kekanan dan kekiri di dalam miniatur kapal. Sensasi diayun-ayun ini cukup memberi sensasi adrenalin tersendiri. \n\nWahana colombus akan mengajak pengunjung berayun-ayun. \nFasilitas Pendukung Dira Park. \nSebagai satu kawasan wisata yang memiliki banyak wahana permainan, taman ini juga memberi kenyamanan pengunjung dengan fasilitas yang memadai. Area parkirnya luas, toilet bersih, kamar basuh, loker penyimpanan barang, gazebo, food-court, hingga musala tersedia. \nUrusan keamanan pun terjamin karena ada lifeguard yang tersebar di banyak titik. Tak hanya itu, di waktu-waktu tertentu terutama saat hari libur, biasanya ada hiburan berupa live music. \n\nLokasi Dira Park. \nTaman rekreasi ini sendiri beralamat di Jalan Kota Blater KM 4, Desa Pontang, Kecamatan Ambulu, Kota Jember, Jawa Timur. Lokasinya cukup strategis sehingga tidak sulit dijangkau dari berbagai penjuru kota.', '2019-12-07 13:49:01', 'admin', '0000-00-00 00:00:00', ''),
(11, 11, 'Kota Jember adalah kabupaten yang berbatasan dengan Probolinggo dan Bondowoso di bagian utaranya ini memiliki daya tarik wisata yang sangat menarik untuk dijelajahi, termasuk untuk para wisatawan berbujet atau kebanyakan dikenal dengan nama backpacker. Kota Jember pun menawarkan keindahan bahari melalui pantai-pantainya yang mempunyai panorama sangat indah dan tak kalah menawan dari pantai yang terkenal di Indonesia. Tidak hanya pantai saja yang menjadi destinasi wisata Jember, masih banyak atraksi wisata yang murah yang dapat dimasukkan kedalam daftar kunjungan wisata backpacking anda. \n\nPastinya anda sebagai backpacker tentunya sudah memikirkan matang-matang persiapan apa yang harus terdaftar dalam kunjungan ke Jember. Penginapan termurah Jember tentunya menjadi list pertama yang anda pikirkan. Melalui aplikasi pencarian anda dapat mencari beberapa penginapan termurah Jember sebagai alternatif anda untuk menginap. Setelah anda booking penginapan, anda tak perlu khawatir untuk tidak mendapatkan penginapan termurah Jember, tinggal mempersiapkan segala kebutuhan sehari-hari anda. Setelah semua tersiapkan dengan matang, admin kasih info tempat wisata yang rekomended dan murah di Jember untuk para backpacker. Tempat wisata tersebut adalah Gunung Kapur Puger. \n\nMenyaksikan keindahan dan gagahnya Gunung Kapur Puger. Jember juga memiliki tempat wisata yang tidak memiliki harga tiket masuk atau bisa dibilang gratis. Tempat ini adalah Gunung Kapur yang terletak di daerah Puger kabupaten Jember. spot foto yang ada pada Gunung Kapur ini hampir sama dengan Bukit Jeddah yang terletak di Madura. Area seluas 200 hektare ini tak hanya memiliki potensi ekonomi cukup besar, namun juga dapat diolah sebagai objek wisata yang menarik. Gunung kapur yang kerap disambangi para pemburu foto berkat kegagahan gunung ini dan warna kapurnya yang putih bersih. Diatas gunung kapur ini anda juga dapat melihat pemandangan yang asri, terlebih saat cuaca cerah serta lautan yang terbentang luas menghiasi keindahan tersebut. Sangat mempesona. Dijamin perpaduan putih kapur dan langit biru yang cerah merupakan kombinasi yang cantik untuk mencipatakan foto yang keren.', '2019-12-07 13:53:06', 'admin', '0000-00-00 00:00:00', ''),
(12, 12, 'Jember sport garden terletak di Kabupaten Jember, di bagian timur Jawa Timur. Stadion ini berkapasitas 20.000 penonton, 6.000 diantaranya <b>single seater</b> di tribun barat dan timur. Satu hal yang menjadi ciri khas stadion jember sport garden adalah bentuk atap di tribun barat dan timur. Bentuk atap ini unik karena digantung dan disokong pada sebuah konstruksi baja melengkung yang mengangkangi tribun. Sekilas mirip dengan stadion Jakabaring di Palembang. Namun perbedaannya, atap di JSG lebih kecil dan terbuka di sisi belakang, tidak seperti stadion Jakabaring yang tertutup. Stadion JSG merupakan stadion multifungsi, artinya dapat digunakan berbagai macam olahraga, terutama sepak bola dan atletik. \n\nKetika memasuki ke stadion maka anda akan disuguhkan dengan tampilan JSG yang mencolok. Pemandangan warna-warni terlihat kursi tribun. Warna kursi kuning, merah, hijau dan biru tertata rapi. Warna kursi menandakan harga tiket. Selain kursi berwarna-warni fasilitas yang dimiliki JSG juga menyediakan 250 toilet. JSG berlantai 4, lantai 1 arena pertandingan dan aneka ruangan, lantai 2 diisi oleh ruang komersial juga pintu masuk dan keluar ke tribun, lantai 3 ada kompartemen untuk penonton VIP dan kaum disable, sedangkan lantai 4 khusus untuk barang penunjang utilitas stadion. \n\nUntuk masuk ke tribun naik dulu ke lantai 2, JSG dilengkapi 16 pintu masuk. Jadi untuk para traveler dimanapun kalian berada jika berkunjung ke jember tempat yang satu ini jangan sampai terlewatkan dari jadwal kunjungan anda, karena bermanfaat banget loh yang pertama tujuannya yaitu bisa jalan-jalan mengelilingi kota jember dan yang kedua untuk mendapatkan ilmu juga untuk para anak bangsa yang suka terhadap olahraga disinilah Jember memiliki stadion megah. Jember luas loh ada banyak tempat wisata yang harus kalian kunjungi bukan hanya wisata aja tapi, ikon wisata religi ada, carnaval kelas dunia pun juga ada yang pada bulan agustus 2019 ini terselenggara, tempat olahraga megah juga ada dan yang satu lagi jika kalian para traveler butuh penginapan mulai dari harga terjangkau sampai berbintang dengan konsep syariah ada loh jangan khawatir semua tersedia di Jember Kota tinggal kalian Pesan Hotel Termurah Jember. \n\nPesan Hotel Termurah Jember semua tersedia dengan segala macam fasilitas yang ditawarkan oleh beberapa hotel yang tersedia di Jember. Mulai dari promo-promo yang dimiliki oleh berbagai hotel yang berbeda-beda hingga masakan resto ala hotel yang anda inginkan, kalian akan dimanjakan dengan berbagai menu special yang ada dengan ciri khas yang tidak pernah kalian temukan dari hotel yang lain. Rugi loh jika kalian tidak berlibur di Jember karena Jember memiliki wahana wisata yang luas dan mengagumkan, agar akhir pekan libur kalian menyenangkan kepoin kota Jember bareng keluarga tercinta ya guys.', '2019-12-07 13:55:08', 'admin', '0000-00-00 00:00:00', ''),
(13, 13, 'Melihat Kantor Desa Mirip Istana Negara, Dibangun 4 Tahun dengan Dana Rp 1,8 Miliar. \nSebuah bangunan megah di areal persawahan Dusun Tegal Kalong, Desa Kemuningsari Kidul, Kecamatan Jenggawah, terlihat cukup mencolok. Tak heran, jika gedung yang didesain menyerupai Istana Merdeka di Jakarta ini menjadi destinasi wisata baru di Jember selatan. \n\nBahkan, sejumlah remaja dan generasi muda menjadikan gedung itu sebagai destinasi wisata baru sebagai lokasi swafoto. Mereka menilai, bangunan yang sebenarnya adalah kantor desa tersebut sangat instagramable. \n\nPantauan Jawa Pos Radar Jember, jika dilihat dari depan, bangunan ini memang serupa Istana Merdeka. Ada enam pilar beton yang berjajar rapi di bagian depan gedung, serta sebuah burung garuda yang terpasang tepat di atas akses masuk bangunan. Sehingga, ketika ada pengunjung yang datang, mereka seolah disambut pilar-pilar yang tampak gagah. Tak hanya itu, gedung yang tanpa pintu tersebut juga memiliki 12 anak tangga, sehingga benar-benar menyerupai Istana Merdeka. \n\nUntuk menambah kesan megah, di bagian depan gedung juga dilengkapi lampu 200 watt yang terpasang di sisi kanan dan kiri bangunan. Jika menyala, lampu ini menerangi ornamen seperti motif batik Jawa. Empat lampu bohlam juga dipasang melingkari bangunan di bagian depan. Sehingga saat malam hari, gedung pemerintah desa yang mulai digunakan sejak awal pekan kemarin terlihat semakin gagah. \n\nKepala Desa Kemuningsari Kidul Sujarwo Hadiono menuturkan, gedung ini dibangun sejak 2014 lalu, pasca dirinya terpilih sebagai kepala desa setahun sebelumnya. Pengerjaan yang membutuhkan waktu hingga empat tahun ini dilakukan secara bertahap. Sebab, dana yang digunakan memakai sisa anggaran desa serta swadaya masyarakat. Total biayanya mencapai hampir Rp 2 miliar. \n\nMeski menelan biaya yang cukup besar, namun dia mengaku senang karena kantor desa ini populer di masyarakat. Bahkan, menjadi destinasi wisata baru, terutama bagi para remaja dan pemuda. Oleh karenanya, pihaknya menyiapkan lahan seluas empat hektare di tanah milik pemerintah desa untuk mewujudkan rencana tersebut. Satu hektare di antaranya menjadi kompleks perkantoran, sedangkan tiga hektare sisanya bakal digunakan sebagai area wisata keluarga yang menjadi satu lokasi dengan gedung tersebut. \n\nSujarwo juga mengaku, bangunan seluas 30 x 50 meter ini dia desain sendiri. Mulai dari gambar hingga detil bangunan. Termasuk juga pemilihan cat yang seluruhnya berwarna putih. Pemilihan cat inilah yang kemudian dipakai menjadi nama bangunan tersebut menjadi Gedung Putih. Rencananya, di kawasan ini juga akan dibangun wahana wisata Gedung Putih. <i>Kami sudah punya site plan-nya. Nanti akan dibuat wahana wisata anak, untuk lokasi belajar anak. Selain itu, kolam pancing, kolam renang, kebun binatang mini, dan permainan anak. Namun, karena keterbatasan anggaran, rencana itu akan diwujudkan secara bertahap,</i> terangnya. \n\nLebih lanjut, Sujarwo juga menjelaskan ihwal berdirinya Gedung Putih ini. Menurutnya, sebelum menggunakan gedung baru itu sebagai kantor desa, pihaknya menempati kantor desa lama yang secara teritori masuk ke wilayah Desa Kertonegoro. Ini dilakukan sejak terjadinya pemekaran desa pada 1985 silam. Sebelumnya, Desa Kertonegoro merupakan salah satu dusun di Desa Kemuningsari Kidul. \n\nKarena merasa numpang di tanah milik desa tetangga inilah, dirinya kemudian berupaya memiliki bangunan kantor sendiri untuk mendekatkan layanan ke masyarakat. Di tengah kondisi seperti itu, Sujarwo lantas memiliki ide membangun sebuah kantor desa yang berbeda dari yang lain. Targetnya, tak hanya menjadi pusat pelayanan masyarakat, tetapi juga dapat menarik minat warga untuk berkunjung. \n\nKemudian, kepala desa yang berlatar belakang kontraktor ini mencari sejumlah referensi desain bangunan yang nyentrik, hingga menemukan bangunan Istana Merdeka. <i>Ide ini dari inspirasi pribadi, setelah melihat Istana Negara di televisi. Kemudian saya ingin mendesain kantor pemerintahan desa sama dengan Istana Negara. Jadi, dari pada jauh-jauh ke Jakarta, warga bisa selfie-selfie di sini. Alhamdulillah, simpatik masyarakat lokal dan luar daerah yang berkunjung ke sini luar biasa,</i> paparnya. \n\nSetelah resmi digunakan awal pekan kemarin, Gedung Putih tersebut langsung diserbu oleh para pengunjung. Mayoritas adalah para remaja dan muda-mudi. Dari sejumlah pengunjung yang datang, ada sepasang pemuda asal luar daerah yang menjadikan bangunan ini sebagai tempat wisata. Mereka adalah Ahmad Syaihoni (21) dan Fitria Sukanto (19). \nMuda-mudi asal Dusun Karangsemanding, Desa Sukorejo, Kecamatan Bangsalsari ini sengaja datang ke kantor desa itu untuk berwisata, sekaligus berselfi foto di lokasi yang populer di media sosial tersebut. <i>Dari rumah, saya memang berniat datang ke sini untuk berwisata dan foto-foto. Ternyata, bangunannya memang megah seperti istana presiden,</i> kata Honi, panggilan Ahmad Syaihoni, kemarin. \n\nHoni mengaku mengetahui keberadaan gedung berpilar enam itu dari media sosial In', '2019-12-07 14:04:04', 'admin', '0000-00-00 00:00:00', ''),
(14, 14, 'Jember adalah salah satu kabupaten yang terletak di bagian timur provinsi Jawa Timur yang memiliki potensi wisata yang besar. Secara geografis berbatasan dengan laut Indonesia di selatan. Jember memiliki pemandangan indah di sepanjang pantai. Di bagian utara dan timur Jember ada pegunungan di mana air terjun spektakuler dapat ditemukan. Dan salah satunya yang wajib untuk dikunjungi adalah Wisata Agro PTPN XII Glantangan. Temukan banyak kesenangan di tengah alam yang asri bersama keluarga tercinta disaat mengisi hari libur kalian. \n\nPilihan obyek wisata yang satu ini hanya ada di Jember bisa kalian jadikan alternative yang pas bila kalian berlibur bersama anak-anak tercinta kalian. Yaitu Wisata Agro PTPN XII Glantangan yang terletak di Desa Glantangan, Kecamatan Tempurejo, Kabupaten Jember. Mengapa dibilang bahwa tempat ini cocok untuk kalian dan keluarga? Karena banyak kegiatan menyenangkan yang bisa kalian lakukan selain itu lahannya juga luas. Cocok untuk para traveling yang suka menjelajahi tempat wisata jangan sampai terlewatkan tempat wisata yang satu ini ya. Bisa langsung share location tempat wisata tersebut dengan gadget kalian dimanapun kalian berada. Dan jika kalian membutuhkan tempat penginapan di Jember juga tersedia, Pesan Hotel Termurah Jember saja agar tempat untuk istirahat kalian memuaskan dengan harga yang relative tidak menguras kantong saku kalian. \n\nWisata Agro PTPN XII Glantangan ini dilengkapi dengan sebuah kolam air mirip rawa-rawa yang dihiasi dengan tanaman teratai berwarna merah muda terlihat cukup cantik dan membuat suasana agrowisata tersebut semakin indah. Tempat ini cocok untu kalian yang membawa anak-anak yang butuh suatu obyek wisata yang bisa bisa bermain bebas. Kolam air dipergunakan untuk wahana permainan sepada air yang bentuknya seperti bebek dan cat warna-warni yang mencolok, sehingga wisatawan terutama anak-anak tertarik untuk menggunakan sepeda air berkeliling kolam air nan indah. \n\nTidak hanya untuk liburan keluarga,jika instansi seperti sekolah, tempat kuliah membutuhkan tempat wisata di Wisata Agro PTPN XII Glantangan ini cocok untuk sarana outbound yang memang sangat menantang sekali untuk dinikmati bersama-sama oleh semua orang. Banyak fasilitas permainan yang menyenangkan yang bisa anda gunakan seperti lapangan golf,kolam air,flying fox, sepeda air. Jangan lupa jika membutuhkan tempat istirahat sejenak merileksasikan tubuh kalian dari kelelahan outbound di tempat yang indah dan menarik tersebut segera Pesan Hotel Termurah Jember, booking kamar secara group dan banyak kamar yang dibutuhkan lebih murah loh di Jember.', '2019-12-07 14:05:49', 'admin', '0000-00-00 00:00:00', '');
INSERT INTO `tbdet_wisata` (`id_detail`, `kd_wisata`, `ket_wisata`, `crtdt`, `crtusr`, `updatedt`, `updateusr`) VALUES
(15, 15, 'Apa yang anda pikirkan, terutama bagi umat Islam ketika melakukan ibadah di Masjid Jami’Al Baitul Amien Jember yang terletak di Jantung Kota Jember? \n\nDibalik keberadaannya sebagai tempat melakukan ibadah dan kegiatan agama Islam, Masjid tersebut menyimpan banyak makna pada arsitektur bangunannya, bahkan menjadi bukti sejarah kuatnya persatuan masyarakat Jember. \n\nMasjid Jami’ Al Baitul Amien Jember terdiri dari dua bangunan masjid yang dipisahkan oleh jalan protokol jurusan Jember-Surabaya. Bangunan Masjid lama dibangun sejak zaman kolonial Belanda pada tanggal 19 Desember 1894 dengan luas 2.760 meter persegi. Masjid ini pernah mengalami renovasi pada tahun 1939 sebelum perang dunia II. Sedangkan bangunan masjid yang baru dibangun di atas tanah wakaf seluas 9.600 meter persegi dan diresmikan pada tanggal 3 Mei 1976 oleh Menteri Dalam Negeri Republik Indonesia pada saat itu. \n\nHal ini diungkapkan oleh Bapak Moh.Ihsan selaku pengurus masjid Jami’ Al Baitul Amien Jember. Beliau menceritakan gagasan awal mula dibangun masjid jami’ baru, karena pada tahun’70an setiap kali ibadah sholat jumat, jumlah jamaah di masjid jami’ lama meluber sampai ke jalan. Sehingga Bupati Jember saat itu yakni Letnan Kolonel Abdul Hadi berinisiatif memperluas dan membangun masjid yang baru, terletak bersebelahan dengan masjid jam’lama yang terletak di sebelah barat alun-alun kota Jember. Gagasan tersebut diungkapkan dalam suatu Khutbah Idul Adha tahun 1972, dimana Bupati menguraikan betapa pentingnya menggalang persatuan dan kesatuan, antara unsur Pemerintah dan Ulama. Meski dulunya Kabupaten tidak menyimpan dana lebih, namun pembangunan secara gotong royong dari masyarakat. Seperti diambilkan dari zakat atau shodaqah dari padi, dimanaJember mempunyai 80.000 HA sawah yang ditanami padi, dan tiap hektarnya waktu itu dapatmenghasilkan lebih kurang 5 - 6 tongabah, itupun satu tahun dapat dua kali panen. \n\nSeluruh ulama mendukung dan menyepakatinya dengan persetujuan tertulis, kemudiandisampaikan ke DPRD Jember, yang juga setuju pada akhirnya. Hal ini pun mendapat restudari Gubernur JawaTimur, Menteri Dalam Negeri, dan Menteri Agama pada saat ituyangdituangkan dalam Surat Keputusan BupatiKepala Daerah Tingkat II Kabupaten Jember No.Sek./III/40/1972 tanggal 25 Oktober 1972, bertepatan dengan Peringatan Nuzulul Qur’antahun 1972 kemudian dibentuklah Panitia Pembangunan Masjid. Mengingat pengumpulan dana pembangunan Masjid Jami’melibatkan seluruhpenduduk di Kabupaten Jember, maka Kepanitiaan Pembangunan diteruskan sampai ditingkat Kecamatan dan desa. Di tiap desa, membuat Putusan Desa melalui Rembug Desa,tentang kesepakatan membantu Pembangunan Masjid Jam’ Jember, berupa gabah 1 (satu)kwintal per hektar pada dua musim panennya. \n\nDalam pemilihan nama masjid pada waktu pembangunan, sempat menjadi perdebatan. Beberapa usulan nama seperti Al Falah yang artinya petani, karena pembangunan masjid merupakan hasil dari gotong royong para petani Jember, adapula usulan nama Baitul Makmur yang berarti suatu tempat menuju surga, bahkan adapun yang mengusulkan nama Al Hadi, karena pembangunan masjid merupakan inisiatif Bupati Abdul Hadi. Namun pada akhirnya diputuskan bersama oleh para ulama, terutama berdasarkan usulan KH. Ahmad Shiddiq untuk memberikan nama masjid Al Baitul Amien, yang mempunyai arti sebagai rumah yang dijaga oleh Allah. \n\nSetelah menemukan nama yang sesuai, dipilihlah lokasi pembangunan masjid. Penentuan lokasi Proyek Pembangunan Masjidmenjadi masalah tersendiri karena konsepbangunan masjid memerlukan tanah yang luassehingga ada yang mengusulkan di tempatkan di sekitar Sembah Demang untuk memperoleh tanah dan lokasi yang luas dan tinggi, ada yang mengusulkan ditempatkan tanahnya H.Salim Arifin (sekarang ditempati Kantor Telkom) dekat dengan Pasar Tanjung agar jamaahnya menjadi banyak dan sebagian lagi menghendaki bangunan masjid tersebut hendaknya tetap di pusat kota dengan membongkar Masjid yang lama.Pendapat terakhir ini mendapattantangan dari seorang tokoh Ulama, beliau tidak menyetujui renovasi masjid tersebut dengan membongkar masjid yang lama karena menghilangkanjariyah orang orang terdahulu. Akhirnya Bupati Abd. Hadi selaku Ketua Panitia Pusat Pembangunan Masjid Jami. \n\nJember mengambil jalan tengah yaitu bahwasanya Proyek Pembangunan Masjid Jami Jember diletakkan di tengah kota disamping masjid yang lama, (tanpa membongkar masjid lama) dengan cara membeli tanah dan rumah sederetan toko-toko dipinggirJl Raya Sultan Agung, membeli rumah rumah huni diatas tanah pengairan dekat sungai Jompo, membeli tanah di Arjasa untuk mengganti dan memindahkan tanah dan rumah dinas / Kantor Pembantu Bupati Jember Kota, dan memindahkan selokan penggelontor yang tadinya di tengah tanah proyek ke pinggir jalan atau pinggir proyek <i>Masjid Jami Jember</i>. \n\nUntuk konsep Bangunan Masjid Jami’ Al Baitul Amien Jember ini pun, pemerintah menunjukarsitek dari tamatan California yakni Yaying K. Keser A.I.A, Jakarta. \n\nBeberapa alasan yang menjadi lan', '2019-12-07 14:13:16', 'admin', '0000-00-00 00:00:00', ''),
(16, 16, 'Sebagai salah satu ikon wisata reliji di Jawa Timur, khususnya di Jember, keberadaan masjid Roudhotul Muchlisin terus menarik perhatian masyarakat. Sejak diresmikan pertengahan Mei 2017 lalu, pengunjung yang datang ke masjid di Jl. Gajah Mada, Kecamatan Kaliwates, ini kian meningkat. \nMasjid Roudhotul Muchlisin menarik perhatian masyarakat karena bangunannya lain dari masjid yang ada di Jember. Bangunan masjid ini megah dan terkesan futuristik. Apalagi desain masjid mirip dengan masjid yang ada di negara Turki. Dindingnya didominasi warna Kuning dan Jingga. Pilarnya dihiasi ornament layaknya istana. \n\nTidak hanya itu, persis di depan pintu masuk masjid juga terdapat air mancur berhiaskan lampu warna–warni. Jika malam, masjid ini semakin menunjukkan pesonanya. Tak heran jika kemudian banyak pengunjung yang berswafoto di lingkungan masjid dengan luas sekitar 2.000 meter persegi itu. \n<i>Paling ramai sore sampai malam, terutama menjelang akhir pekan, Jumat malam dan Sabtu malam.</i> kata salah seorang satpam masjid. \nJika hari-hari biasa, menurut Ainurrofiq, jumlah pengunjung 20 sampai 30 mobil. Namun untuk sepeda motor sampai 75 unit. <i>Kalau sepeda motor sekitar 50 sampai 75/</i> tambahnya. \n\nSedangkan untuk Jumat dan Sabtu, jumlah pengunjung bisa lebih dari 50 mobil. Bahkan halaman masjid sering tidak mencukupi untuk parkir kendaraan, sehingga ada yang parkir di tepi jalan raya. <i>Jadi kalau sudah menutup gerbang, itu kemungkinan sudah lebih dari 50 mobil. Parkirnya sudah sampai di jalan. Kita sudah kerjasama dengan Satlantas. Untuk masjid itu nggak apa-apa, karena kenaikan itu kan insidental.</i> terang Ainurrofiq. \n\nApakah semua yang datang memang untuk beribadah? <i>Ya sebagian besar memang untuk beribadah. Sekitar 85 persen-lah, sisanya ya beristirahat dan selfie (swafoto). Bahkan tidak sedikit juga yang datang ini non-muslim. Biasanya mereka ambil foto masjid dan selfie</i> terang Ainurrofiq. \nKeberadaan pengunjung yang sekadar untuk berswafoto ini juga membuat perugas satpam harus bisa memberi arahan. Sebab ada beberapa di antaranya yang harus menyesuaikan dengan reliji masjid sebagai tempat ibadah. Terutama pengunjung dari mancanegara.\n<i>Jadi beberapa kali kita mengarahkan, kayak bule atau nonmuslim lainnya untuk menyesuaikan dalam berbusana. Jadi persoalan agama kita tidak masalah, kan memang ini syiar untuk semua golongan.</i> katanya. Kendati demikian, tidak ada aturan yang sangat ketat bagi pengunjung yang datang hanya untuk berswafoto. <i>Selama masih dalam batas kewajaran, kita masih menolerir. Bahkan kita juuga siapkan busana, misal sarung di etalase. Ya setidaknya bisa untuk menutup aurat seperti dalam agama Islam.</i>ujar Ainurrofiq. \n\nSelain soal busana, banyaknya pengunjung juga membuat satpam masjid meningkatkan kewaspadaan. Terutama untuk mengantisipasi tindakan kriminal. Sebab sudah dua kali di tempat itu terjadi pencurian. <i>Yang pertama pencurian mobil, tapi ternyata itu ulah untuk klaim asuransi. Yang kedua pencurian helm. Setelah itu tidak ada lagi, dan mudah-mudahan saja terus aman.</i> katanya. Sebagai langkah antisipasi, saat ini sudah terpasang CCTV sebanyak 12 titik di seputaran masjid. Selain itu, petugas jaga juga dibagi dalam 3 shift selama 24 jam. <i>Kalau pagi 2 orang, sore 3 orang dan malam 2 orang,</i> tandas Ainurrofiq. \n\nSementara Sekretaris Masjid Roudhotul Muchlisin, H. Mahrus, bersyukur keberadaan masjid bisa semakin memberi manfaat kepada masyarakat. Bukan hanya sebagai tempat ibadah, tapi juga bisa member nilai lebih, yakni sebagai tempat wisata reliji. \n\n<i>Makanya kita juga lakukan langkah antisipasi dengan memberikan tulisan-tulisan kawasan berbusana muslim. Satpam juga kita instruksikan untuk selektif terhadap pengunjung. Tapi secara umum kita welcome. Apalagi untuk kegiatan keagamaan.</i> kata Mahrus. \n\nMahrus menjelaskan, saat ini masjid terus dikembangkan pembangunannya. Selain membangun menara yang sekarang masih dalam proses, ke depan bangunan masjid juga akan dikembangkan untuk pengetahuan. \n\n<i>Selama ini kita masih pembangunan menara. Sedangkan untuk lantai satu nantinya akan kita bangun untuk kantor, sedangkan lantai 2 nantinya juga kita siapkan untuk tempat istirahat musafir. Sedangkan lantai 3 nantinya untuk perpustakaan. Tapi ada masukan dari jamaah agar perpustakaan tidak di lantai 3 agar peminat bacanya banyak. Ini masih kita pertimbangkan,</i> ujar Mahrus. \n\nDosen IAIN Jember ini menambahkan, selain sebagai tempat ibadah, tidak jarang masjid itu juga digunakan untuk acara akad nikah dan kajian-kajian keislaman. Pihak takmir sendiri tidak pernah keberatan sepanjang ada koordinasi. <i>Yang penting koordinasi tidak masalah. Biar kita juga bisa membantu mengatur jadwalnya agar tidak benturan pada masing-masing kegiatan,</i> tambahnya.', '2019-12-07 14:23:09', 'admin', '0000-00-00 00:00:00', ''),
(17, 17, 'Pertama kali dibuka pertengahan 2017 yang lalu, tempat wisata di Jember ini akan mengajak Anda mengenal huruf dan aksara yang berasal dari berbagai daerah hingga mancanegara. Berbagai koleksi banyak ditampilkan di Museum Huruf ini. \n\nSeperti koleksi huruf pra aksara, aksara tertua yang ada di Indonesia, aksara nusantara yang berasal dari Jawa, Bugis, dan banyak lagi yang lain, huruf braille, juga tak ketinggalan aksara yang ada di dunia termasuk diantaranya dari Korea, Jepang, India, Yunani dan banyak lagi. \n\n<b>Informasi:</b>\n<b>Nama: </b>Museum Huruf \n<b>Alamat: </b>Jl. Bengawan Solo No.27, Tegal Boto Lor, Sumbersari, Kabupaten Jember – Jawa Timur. \n<b>Jam buka: </b> 10.00 – 18.00 WIB.', '2019-12-07 14:25:20', 'admin', '0000-00-00 00:00:00', ''),
(18, 18, 'Mengunjungi Pantai sebagai salah satu Destinasi Wisata Alam bersama teman maupun keluarga merupakan kegiatan yang sangat mengasyikkan. Kondisi Pantai yang luas serta udara sejuk memang sangat sesuai jika ingin berlibur bersama rombongan. Apalagi jika Pantai tersebut bersih, indah dan memiliki daya tarik tersendiri mulai dari pasir yang unik, bentuk, biota laut, serta layanan yang tersedia. \n\nPantai Bandealit masuk ke dalam salah satu rekomendasi destinasi wisata alam berupa Pantai yang sangat cocok dijadikan sebagai tempat menghabiskan waktu bersama keluarga dan sahabat. Pantai yang berada di kabupaten Jemeber ini tepatnya terletak di Area Hutan, desa Andongrejo, kecamatan Tempurejo, Kabupaten Jember, Jawa Timur. Pantai ini diminati oleh wisatawan Lokal maupun Luar Negeri. \n\nKawasan Pantai Bandealit masih termasuk ke dalam kawasan Taman Nasional Meru Betiri yang menjadi salah satu Taman Nasional Hutan Tropis di Dataran rendah Kabupaten Jember. Di samping menikmati keindahan  Pantai Bandealit, pengunjung juga bisa menikmati berbagai keindahanan Alam Hayati berupa Hutan Asri nan Hijau yang mengelilingi Pantai. Hutan tersebut pula yang menjadikan Pantai terasa sejuk. \n\n<i>Harga Tiket Masuk Pantai Bandealit.</i>\nPengunjung hanya dikenakan tarif sebesar Rp. 5.000-, per orang. Harga  tiket masuk tersebut sangat cocok bagi yang ingin membawa rombongan keluarga. Selain itu, Pantai Bandealit beroperasi selama 24 jam dengan beberapa petugas penjaga yang merupakan pengelola Pantai ini. Jadi Pantai Bandealit cukup aman untuk dikunjungi karena adanya sistem penjagaan tersebut. \n\n<i>Rute Menuju Pantai Bandealit</i>.\nJika dari arah kota Jember, pengunjung akan melanjutkan perjalanan sepanjang 35 kilometer ke arah selatan menuju kecamatan Tempurejo kemudian melanjutkan kearah desa Andongrejo, hingga sampai pada taman nasional Meru Betiri. Pantai Bandealit persis berada di ujung taman nasional Meru Betiri sehingga untuk mencapai Pantai haruslah terlebih dahulu melewati taman nasional. \n\nBegitu juga dengan wisatawan yang datang dari Surabaya. Setelah tiba di Jember, pengunjung hanya perlu mengikuti rute yang sudah dijelaskan sebelumnya. Akses menuju Pantai disarankan menggunakan kendaraan pribadi atau menyewa kendaraan pada agen travel yang tersedia di kota Jember bagi yang tidak membawa kendaraan pribadi atau di repotkan.  Tidak ada angkutan umum menuju Pantai Bandealit.\n\n<b>Objek Wisata Pantai Bandealit</b>\n\n<b>1. Kondisi Alam yang Sangat Alami</b>\nKarena Pantai Bandealit berada di kawasan hutan nasional yang dilindungi, Pantai ini juga tidak luput dari program perlindungan pemerintahan atas lingkungan dan alam. Pantai Bandealit terkenal sebagai Pantai yang asri tanpa campur tangan manusia yang mengubah atau merombak kondisi Pantai. Meski kawasan Pantai merupakan kawasan yang dilindungi, namun pengelola sangat memperhatikan kebersihan Pantai. \n\nAdanya kawasan taman nasional Meru Betiri menjadikan kawasan Pantai Bandealit semakin asri dan alami. Sehingga para pengunjung dapat menikmati pesona hamparan Pantai sekaligus menikmati segarnya hembusan angin serta hijaunya hutan taman nasional Meru Betiri yang menyajikan berbagai keindahan seperti beragam jenis pohon serta makhluk hidup yang tinggal di dalamnya.\n\n<b>2. Air yang Bersih Serta Pasir yang Nyaman</b>.\nPengelola Pantai Bnadealit sangat menjaga kebersihan Pantai untuk menunjang kenyamanan para pengunjung. Selain airnya yang bersih, Pantai yang merupakan salah satu gugusan Pantai Selatan ini juga memiliki karakteristik Pantai yang berbeda yakni Pantai yang landai dan tidak terdapat banyak Batu Karang. Selain itu, pasirnya yang lembut sehingga sangat aman bagi pengunjung yang membawa anak. \n\n<b>3. Olahraga Air</b>\nKarena kondisi dan arakteristik Pantai yang aman tersebut, pengunjung bisa sepuasnya bermain air dan melakukan aktivitas di dalam air seperti diving, swimming, jet sky, speed boat, bermain kano dan lainnya. Ombak Pantai  ini juga cukup teratur serta letak bibir Pantai yang cenderung cekung sehingga sangat cocok dan aman untuk diving  dan berenang menikmati panorama bahawa laut Pantai Bandealit.\n\n<b>4. Tempat Pelepasan Penyu</b>\nBagi yang beruntung, pengunjung bisa melihat secara langsung proses pelepasan penyu yang emnajdi kegiatan rutin di Pantai Bandealit. Pantai ini dijadikan lokasi pelepasan penyu yang di kembangbiakan terlebih dahulu di penangkkaran karena kondisi Pantai yang alami dan cukup aman bagi penyu yang  baru mulai beradatasi dengan alam bebas. Pengunjung juga bisa berpartisipasi dalam pelepasan penyu.\n\n<b>5. Kawasan hutan mangrove</b>\nPengunjung bisa menjelajah hutan mangrove yang sengaja dilestarikan untuk menjaga Pantai agar tidak abrasi oleh air laut. Pengunjung bisa menjelajah hutan mengrove menggunakan kano. Tidak hanya pemandangan yang didapat para pengunjung, namun juga edukasi mengenai pentingnya menanam mangrove di sekitar Pantai untuk menjaga kelestarian ekosistem dan habitat makhluk hidup.\n\n<b>6. Kawasan Agrosiwata dan Perkebunan.</b>\nBa', '2019-12-07 14:31:00', 'admin', '0000-00-00 00:00:00', ''),
(19, 19, 'Muara Mangrove Getem merupakan salah satu destinasi wisata bahari edukatif yang terletak di Dusun Getem, Desa Mojomulyo, Kecamatan Puger, Kabupaten Jember. \n\nMuara Getem sebenarnya adalah sebuah sungai yang mengaliri dua kecamatan, yaitu Kecamatan Puger dan Gumukmas, Kabupaten Jember Propinsi Jawa Timur. Bagian timur sungai ini terletak Desa Mojomulyo Kecamatan Puger dan bagian barat terletak Dusun Kalimalang yang merupakan bagian dari Kecamatan Gumukmas. Kondisi muara Sungai Getem berbentuk teluk, berbatu, berpasir, serta mengandung terumbu di bawah air. \n\nEkowisata Mangrove Getem ini terdiri dari rawa alami sekitar 2 hektar Destinasi wisata yang ditawarkan di Muara Mangrove Getem ini meliputi Tubing Mangrove, river tubing, hommomacking, dan Gembok Cinta. \nMuara Getem ini merupkan spot yang bagus untuk memancing. Alam Getem juga menyuguhkan sunrise dan sunset khas pantai selatan, saat malam wisatawan yang melakukan camp akan disuguhi milky way indah di langit Getem. Bagi wisatawan yang hobi photography tentu akan dipuaskan dengan keindahan panorama alami di sekitar Muara Getem.', '2019-12-07 14:32:44', 'admin', '0000-00-00 00:00:00', ''),
(20, 20, 'Pantai Papuma Jember merupakan salah satu wisata pantai yang dimiliki Jawa Timur. Nama Papuma sendiri sebenarnya adalah sebuah singkatan dari <i>Pasir Putih Malikan</i>. Dan singkatan tersebut lah yang hingga kini lebih familiar di telinga wisatawan. \n\nSebagaimana yang kita tahu bahwa Indonesia merupakan satu satunya negara yang memiliki garis pantai terpanjang di dunia, sebuah anugerah yang cukup membanggakan. Kini, destinasi wisata pantai unggulan tidak hanya bisa di dapatkan di pulau dewata saja, melainkan hampir seluruh daerah di Indonesia memiliki pantai yang cantik dan layak untuk di kunjungi, salah satunya pantai Papuma yang terletak di Jawa Timur ini. \n\n<i>Eksotisme Pantai Papuma Jember</i> \nPertama kali berkunjung ke pantai ini, saya cukup tercegang dengan keindahan yang ditawarkannya. Suasana yang sejuk dengan suhu 25 derajat hingga 32 derajat membuat wisatawan  yang berkunjung kesini merasa betah dan ingin berlama lama menghabiskan waktu liburannya. \n\n<i>Pantai Papuma Jawa Timur. </i>\n\nTerlebih lagi, wisatawan yang berkunjung diperbolehkan untuk mandi di laut, kecuali di area area yang dilarang.\nnPantai ini dikelilingi oleh perbukitan yang membuat panti ini nampak terlihat asri dan alami. Selain itu, pantai ini juga sangat cocok digunakan sebagai area berkemah dan outbound. \n\n<i>Pasir Putih Malikan.</i> \nKarena suasana romantis yang dihadirkan, tidak sedikit pasangan yang menghabiskan masa bulan madunya di wisata pantai selatan ini. Meskipun demikian, keluarga yang berkunjung secara rombongan bersama keluarga besar mereka tak kalah banyak. \n\nNah, biasanya kendala utama yang dihadapi bagi keluarga yang ingin berwisata secara rombongan adalah harga tiket masuk. \n\nKabar gembiranya, tiket masuk ke pantai ini cukup terjangkau, diantaranya sebagai berikut; \n<b>Tiket Masuk Hari biasa: </b> Rp. 7.000 \n<b>Tiket Masuk Hari libur: </b> Rp. 15.000', '2019-12-07 14:37:23', 'admin', '0000-00-00 00:00:00', ''),
(21, 21, 'Keindahan Pantai Paseban Kencong Jember Jawa Timur , halo semua kembali saya datang lagi untuk mengulas mengenai keindahan pantai paseban kencong jawa timur , pantai paseban terletak di desa paseban kecamatan kencong ,kabupaten jember jawa timur , pantai paseban ini terkenal dengan ombaknya yang tenang , tidak berbahaya bila para pengunjung ingin mandi. \n\nkarena ombaknya yang tenang ini cocok sekali di buat memancing , cocok sekali untuk anda yang hobi memancing bisa liburan sambil memancing , di tambah lagi dengan keindahan tenggelamnya matahari banyak para pengunjung mengabadikannya lewat handpond  , di tambah lagi harga tiket masuknya yang murah meriah membuat pantai paseban ini rame pengunjungnya di akhir pekan , anda hanya perlu mengeluarkan uang Rp 5000 saja itu untuk orang dewasa , untuk anak – anak tidak di punggut biaya , murah meriahkan , dengan biaya irit anda bisa melepaskan kepenatan setelah  seharian bekerja . \n\nJarak yang di tempuh untuk menuju pantai paseban kencong sekitar 52 km dari kota jember , dan jalan yang di lalui juga tidak sulit , jadi mudah sekali bila para pengunjung atau wisatawan ingin datang ke wisata pantai ini , selain itu banyak sekali keindahan yang terdapat di pantai pasir putih paseban kencong jember jawa timur ,di antaranya birunya air laut di tambah lagi ombaknya yang tenang membuat para wisatawan ingin segera mandi di pinggir pantai , walaupun pasir di paseban kencong berwarna hitam namun memiliki tekstur yang lembut sehingga membuat anak – anak senang sekali bermain di pasir pantai , ada lagi kelebihan pantai paseban yaitu waktu tenggelamnya matahari banyak wisatawan menantikan moment indah itu.', '2019-12-07 14:39:04', 'admin', '0000-00-00 00:00:00', ''),
(22, 22, 'Tak hanya Teluk Love atau Pantai Tanjung Papuma saja pantai yang dimiliki Jember. Masih ada lagi pantai cantik yang akan membuat sesi liburan Anda makin seru dan tak terlupakan, Pantai Payangan namanya. \n\nTempat wisata di Jember yang satu ini menawarkan pesona alam yang bakal membuat siapapun enggan beranjak kemana-mana. Tak cuma satu, bahkan ada empat bukit cantik yang bisa Anda temukan menghiasi sekitar lokasi menambah suasana semakin memukau. \n\nYakni Bukit Seroyo, Bukit Samboja, Bukit Seruni dan Bukit Sarat yang tampak memukau dari kejauhan. Sungguh surga spot instagramable banget! Sayang kalau sampai tak mampir untuk menikmatinya meski sekejab saja.\n\n<b>Informasi:</b>\n\n<b>Nama: </b>Pantai Payangan\n<b>Alamat:</b> Dusun Payangan, Ds Sumberejo, Ambulu,  Jember –J awa Timur \n<b>Harga tiket: </b>Rp 5.000,-', '2019-12-07 14:41:40', 'admin', '0000-00-00 00:00:00', ''),
(23, 23, 'Pantai Watu Ulo adalah salah satu rangkaian dari pantai selatan yang berada di Kota Jember. Pantai ini selalu dipenuhi wisatawan ketika hari libur. Bahkan tidak sedikit dari mereka yang berasal dari luar daerah. \n\nTerdapat sebuah batu yang memanjang tepat dibibir pantai ini. Bentuk dari batu tersebut menyerupai ular, seolah-olah bersisik layaknya replika sebuah ular raksasa. Sosok batu inilah yang membuat Pantai Watu Ulo mempunyai eksotisme tersendiri. \n\nDeretan pulau pulai kecil ditengah laut dan gunung gunung yang berbaris disepanjang pantai menjadikan pemandangan di Pantai Watu Ulo semakin indah.\n\n<b>Keindahan pantai watu ulo.</b> \n\nPantai Watu Ulo tidak hanya ramai pada siang hari saja, akan tetapi pada malam hari pun pantai ini selalu dipenuhi dengan aktivitas para wisatawan yang bermalam. Karena selain dilengkapi dengan tempat bermain juga disediakan area untuk berkemah. Sehingga para wisatawan yang ingin berlama -lama bersantai dan menikmati suasana pantai Watu Ulo dapat bermalam dengan berbekal sebuah tenda.\n\n<b>Es Kelapa Mudah, Minuman Segar Khas Pantai Watu Ulo.</b> \nSetelah dirasa lelah menghabiskan waktu bermain dan menikmati keindahan pantai, para pengunjung dapat beristarahat sambil menikmati Es Kelapa Muda Segar yang bisa didapatkan di Rest Area.\n\n<b>Es kelapa muda Watu ulo.</b>\nPenyajian Es Kelapa ini sangat unik, karena dalam penyajiannya tidak dengan menggunakan gelas ataupun mangkuk, melainkan langsung meminumnya dari dalam kelapa. Sebuah kelapa utuh di iris ujungnya dan menambahkan sedikit gula kedalam kelapa tersebut. Sehingga kesegaran dan aroma air kelapa nya sangat kental. \n\n<b>Asal Usul Nama Pantai Watu Ulo.</b> \nNama Pantai Watu Ulo berasal dari bahasa Jawa, yaitu <b>Watu</b> yang berarti Batu dan <b>Ulo</b> yang berarti Ular. Jadi Pantai Watu Ulo dapat diartikan sebagai Pantai Batu Ular. Dan yang melatar -belakangi penyebutan nama Watu Ulo sendiri tidak lain karena Batu panjang menyerupai bentuk ular di sisi pantai yang menjorok ke laut.\n\nBanyak sekali kisah kisah mistik tentang pantai yang berada di selatan pulau Jawa ini. Cerita ini beredar luas sehingga banyak orang yang meyakini dari kisah mistis tersebut. Sayangnya cerita tersebut terbagi kedalam beberapa versi. \n\n<b>Pantai Watu ulo sisik ular.</b>\nAda yang mengatakan bahwa pantai ini dulunya di kuasai oleh Sesosok Ular raksasa yang bernama Nogo Rojo. Nogo Rojo dalam bahasa Indonesia berarti <i>Raja Naga</i>. Dan Nogo Rojo tersebut bertarung dengan penduduk setempat karena perebutan wilayah. Nogo rojo pun akhirnya berhasil dikalahkan dan tubuhnya dibelah menjadi tiga. Batu bersisik yang menyerupai ular inilah yang akhirnya dipercaya sebagai potongan dari tubuh Nogo Rojo Yang terbelah. \n\nDi sisi lain ada yang mengkisahkan versi yang berbeda, dimana sosok Nogo Rojo adalah utusan Ajisaka yang hingga saat ini masih ada di pantai tersebut untuk bertapa dengan tubuh yang sudah tidak lengkap, dimana kepala dari Nogo Rojo berada di Banyuwangi sedangkan yang berada di Pantai Watu Ulo adalah bagian badan dan ekornya.\n\n<b>Ritual Larung Sesaji Pantai Watu Ulo.</b> \nDi Pantai Watu Ulo selalu diadakan kegiatan rutin pada saat hari raya Idul Fitri. Tepatnya Pada tanggal 7 bulan syawal selalu digelar sebuah ritual <b>Larung Sesaji</b>. Larung sesaji adalah sebuah ritual melemparkan sesaji ke dalam laut dengan menggunakan sebuah perahu. Larung sesaji ini adalah bentuk dari rasa syukur masyarakat setempat. \n\n<b>Larung Sesaji Watu Ulo.</b> \nMenjadi keistimewaan tersendiri bagi wisatawan yang berkunjung pada saat perayaan tersebut. Selain melihat langsung ritual yang dilakukan, mereka juga akan disuguhi berbagai macam hiburan yang menarik dan <b>hunting</b> kerajinan tangan khas masyarakat setempat pada keesokan harinya. \nBerkeliling di Sekitar Pantai Watu Ulo. \n\nSelain menikmati keindahan pantai, wisatawan juga dapat sekedar berjalan jalan santai untuk melihat suatu tempat yang unik, yaitu sebuah goa Jepang. Goa ini berada tidak jauh dari pantai, sehingga para wisatawan dapat berjalan kaki dari pantai menuju goa ini. Goa ini adalah peninggalan jepang  yang dibangun pada saat penjajahan puluhan tahun silam.\n\n<b>Goa Jepang Watu ulo.</b> \nSelain Goa Jepang juga terdapat sebuah goa yang bernama Goa Kelelawar. Letak Goa Kelelawar juga masih se -area dengan pantai Watu Ulo. Di dalam goa ini banyak sekali kelelawar, dan hal tersebutlah yang melatarbelakangi nama goa ini.\n\nLokasi Pantai Watu Ulo Jember.</b> Watu ulo berada di ujung selatan Kabupaten Jember Jawa Timur, tepatnya di desa Sumber Rejo Kecamatan Ambulu. Jarak Pantai dari pusat kota Jember adalah 40 km. Untuk sampai ke lokasi wisata, dapat ditempuh dari 2 arah, yaitu dari timur (Banyuwangi) dan dari Barat (Lumajang). \n\n<b>Apabila berangkat dari arah timur, rute yang harus ditempuh adalah;</b> \nBanyuwangi => Jember => Kec. Ambulu => Desa Sumber rejo => Pantai Watu Ulo \n\n<b>Apabila berangkat dari arah barat, rute yang harus ditempuh adalah;</b> \nLumajang => Kec. Ambulu (Jember) => Desa Sumber r', '2019-12-07 14:52:39', 'admin', '0000-00-00 00:00:00', ''),
(24, 24, 'Menjelajahi perkebunan teh memang tak pernah membosankan, hawa sejuk pegunungan dan pemandangan pohon teh yang berderet rapi menyuguhkan pesonanya sendiri. Seperti perkebunan teh Gunung Gambir ini misalnya yang seolah tak pernah kehilangan daya tariknya. \n\nTak sekedar menikmati alamnya, Anda juga bisa mencoba faslitas seru yang disediakan oleh pengelolanya. Dari kolam renang, area camping ground, tempat penginapan hingga gedung pertemuan yang bisa digunakan untuk menggelar acara besar. \n\nTempat wisata di Jember ini pun juga memiliki spot-spot instaramable yang keren banget buat jadi background foto kekinian. \n\n<b>Informasi:</b>\n\n<b>Nama:</b> Perkebunan Teh Gunung Gambir \n<b>Alamat: </b>Lanasan, Gelang, Sumber Baru, Jember – Jawa Timur\n<b>Harga tiket: </b>Rp 10.000,-', '2019-12-07 14:54:51', 'admin', '0000-00-00 00:00:00', ''),
(25, 25, 'Tembakau adalah salah satu komoditi unggulan di Indonesia sejak zaman penjajahan Belanda atau sekitar tahun 1850-an. Jember merupakan kota penghasil tembakau premium yang memiliki kualitas tembakau terbaik.\n\nSebagian besar wilayah Kabupaten Jember adalah lahan pertanian, jika kalian pernah kesini mata kalian pasti disuguhi banyak lautan hijau alias lahan pertanian yang sangat luas. \n\nTembakau pada umumnya digunakan sebagai bahan utama pembuatan rokok dan cerutu. Proses pembuatannya dari daun tembakau yang sudah layak panen kemudian dikeringkan dan diolah sedemikian rupa untuk menjadi rokok yang banyak di pasaran. \n\nSedangkan cerutu lebih simple proses pembuatannya karena 100% bahan pokoknya dari daun tembakau murni. Untuk kelas premium yang harganya selangit butuh pengalaman dan tangan khusus untuk membuatnya. \n\nYap jika kalian belum tau, pembuatan cerutu pilihan masih menggunakan cara manual dengan tangan manusia. Sebagian besar pengolahan daun tembakau diawali proses pengeringan. \n\nDi sinilah peran rumah tembakau sebagai tempat pengeringan yang ideal sejak zaman dahulu kala. Sekilas bentuk dari rumah tembakau ini mirip dengan rumah-rumah adat dengan gaya arsitektur yang khas. \n\nPembangunan rumah tembakau ini hanya membutuhkan bambu kering sebagai rangka dan jerami kering sebagai atapnya. Sekilas desain arsitektur bangunan ini terlihat sederhana. \n\nTapi jangan salah, ternyata untuk membangunnya sangatlah rumit membutuhkan perhitungan yang tepat dan pengalaman khusus. Bahkan arsitektur kelas dunia takjub pada desain arsitek yang bertahan seabad lebih hingga sekarang ini. \n\nPenempatan lokasi bangunan ini tak pernah jauh dari areal persawahan. Di luar membutuhkan angin sebagai fungsi utamanya, secara tidak langsung menambah estetika perpaduan ciptaan tuhan dan hasil pikiran manusia yang menjadi nilai seni tinggi. \n\nFungsi utama rumah tembakau ini adalah untuk pengeringan daun tembakau. Biasanya dalam setahun rumah tembakau ini hanya dua kali produksi dengan jumlah besar, jika sedang tidak produksi, bangunan ini digunakan untuk pembuatan pupuk kandang. \n\nSelebihnya lagi digunakan untuk tempat wisata. Wisatawan dapat dengan langsung melihat desain arsitektur secara langsung dari luar maupun dari dalam ruangan. \n\nSetelah masuk ke dalam bangunan ini, terlihat jelas bambu-bambu kering yang besar melintang kesana kemari dengan indahnya. Bangunan ini sudah teruji kokoh terhadap perubahan cuaca di Indonesia. \n\nDari sekian banyak kelebihan yang bangunan ini punya, tak luput dari kelemahan yang sangat-sangat vital. Yap bangunan ini sudah bisa terlihat jelas lemah atau rawan terhadap api. \n\nSekecil apapun apinya jika sudah menyulut langsung berubah menjadi monster api yang dengan mudahnya melalap bangunan ini hingga akar-akarnya dengan cepat. \n\nTak jarang truk pemadam kebakaran lalu-lalang untuk memadamkan api. Jika sudah terbakar, kecil kemungkinan untuk menyelamatkan bangunan ini. \n\nTapi diluar itu, perpaduan hijaunya sawah dan rumah tembakau ini cocok buat kalian yang ingin mengabadikan momen indah bersama teman atau pun keluarga, tak terkecuali buat para jomblo yang ingin mempromosikan dirinya dengan berfoto-foto ria atau selfie', '2019-12-07 15:00:20', 'admin', '0000-00-00 00:00:00', ''),
(26, 26, 'Berada di lereng Gunung Argapura, tempat wisata di Jember yang satu ini menjadi bukti jika peradaban kuno pernah berkembang di Jember khususnya di Desa Kamal, Kecamatan Arjasa. Tempat tersebut dikenal dengan nama Situs Duplang. Luasnya yang tak lebih dari 10 x 10 meter ini menyimpan sejarah zaman megalithikum yang menarik untuk dipelajari dan dieksplorasi. \n\nDi dalam situs megalithikum ini terdapat beberapa benda-benda peninggalan yang masih utuh tersimpan. Misalnya saja seperti watu kenong, lumpang batu, Menhir, dolmen dan juga peti batu yang digunakan sebagai kuburan. Menjelajahinya selain menambah wawasan juga sebagai kontribusi untuk ikut melestarikan budaya.\n\n<b>Informasi:</b>\n\n<b>Nama:</b> Situs Duplang\n<b>Alamat:</b> Desa Kamal, Kecamatan Arjasa, Jember – Jawa Timur', '2019-12-07 15:02:25', 'admin', '0000-00-00 00:00:00', ''),
(27, 27, 'Kontur wilayahnya yang dilalui barisan pegunungan membuat Jember memiliki alam yang memukau. Salah satunya ialah Puncak S89 yang akan menyajikan kerennya landskap kota Jember, juga Gunung Argopuro  di lain sisi serta Gunung Raung yang mempesona dari atas ketinggian. \n\nMeskipun jarak dan akses jalan yang menantang, tetapi dengan pesona yang ditawarkan akan membuat siapapun tak akan kecewa. Terutama buat penggemar traveling dan pemburu spot foto instagramable, tempat ini layak jadi destinasi wisata yang wajib dikunjungi. Terutama ketika menunggu matahari tenggelam, sungguh fenomena yang tak boleh disia-siakan. \n\n<b>Informasi:</b>\n\n<b>Nama:</b> Puncak S 89\n<b>Alamat: </b>Kebonsari, Tembokrejo, Gumuk MAS, Kabupaten Jember – Jawa Timur\n<b>Jam buka: </b>07.30 – 15.00 WIB', '2019-12-07 15:07:18', 'admin', '0000-00-00 00:00:00', ''),
(28, 28, 'Suka dengan tempat wisata yang berkonsep <i>eco green park?</i> Jember juga punya, lho. Berlokasi di Sukorambi, tempat wisata di Jember ini akan mengajak Anda menjelajahi dan belajar tentang alam dengan cara yang fun  serta menyenangkan. \n\nMulai dari belajar teknik hidroponik langsung dengan ahlinya, mengenal satwa liar dan juga hewan ternak, lalu seru-seruan main di rumah pohon hingga bermain air di kolam pelangi. \n\nTentu masih banyak lagi hal yang bisa di eksplor di Taman Botani ini, misalnya spot-spot kece instagramable yang sayang kalau tak menyempatkan berselfie sebentar.  Tak heran jika menghabiskan liburan di tempat ini akan terasa sangat singkat. \n\n<b>Informasi:</b>\n\n<b>Nama:</b> Taman Botani Sukorambi \n<b>Alamat:</b> Jl. Mujahir, Sukorambi, Krajan, Jember – Jawa Timur \n<b>Jam buka:</b> 07.00 – 16.00 WIB\n<b>Harga tiket: </b>Rp 12.000,- <i>(weekday)</i>, Rp 20.000,- <i>(weekend)</i>', '2019-12-07 15:10:26', 'admin', '0000-00-00 00:00:00', ''),
(29, 29, 'Jika jalan-jalan ke Jember jangan lupa sempatkan waktu sejenak untuk menikmati eksotisme Pantai Tanjung Papuma yang belum banyak diketahui orang ini. Keindahan pantai dengan pasir putihnya yang masih bersih, ombaknya hingga  suasana alamnya yang begitu menentramkan memberikan pengalaman yang luar biasa ketika menghabiskan waktu di sini. \n\nDan lagi banyak aktivitas seru yang bisa Anda lakukan untuk menghabiskan waktu di sini, dari berenang di pantai hingga diving untuk mengeksplor keindahan terumbu karangnya. Anda pun juga bisa menyewa perahu untuk menemukan spot diving yang keren. \n\nHal yang membuatnya tak begitu diminati hanyalah akses jalan yang belum bersahabat sehingga tak banyak yang mau bersusah payah menuju pantai cantik di pesisir kota Jember ini. Seperti tempat wisata di Jember lainnya, destinasi ini pun juga sudah dilengkapi dengan fasilitas kebersihan hingga villa yang bisa disewa jika Anda ingin menikmati malam yang syahdu disini. \n\n<b>Informasi:</b> \n\n<b>Nama:</b> Pantai Tanjung Papuma \n<b>Alamat:</b> Jl. Raya Lojejer, Area Kebun, Lojejer, Wuluhan, Kabupaten Jember, Jawa Timur \n</b>Jam buka:</b> 07.00 – 17.00 WIB \n<b>Harga tiket:</b> Rp 7.000,- <i>(weekday)</i>, Rp 10.000,- <i>(weekend)</i>', '2019-12-07 15:13:26', 'admin', '0000-00-00 00:00:00', ''),
(30, 30, 'Ingin menikmati wisata kekinian yang hits banget di Jember? Kalau begitu jangan lewatkan untuk mampir ke Teluk Love. Disebut demikian karena teluk tersebut memiliki bentuk yang tak biasa dan jika dilihat dari kejauhan nampak seperti ikon cinta. Tak heran jika tempat wisata di Jember ini langsung diminati banyak orang yang penasaran dengan keindahannya. \n\nSeperti kebanyakan pantai di pesisir selatan pulau Jawa, teluk ini juga memiliki ombak yang besar jadi harus ekstra waspada jika ingin menjelajahinya lebih dekat. \n\n<b>Informasi:</b> \n\n<b>Nama:</b> Teluk Love \n<b>Alamat:</b> Ambulu, Jember – Jawa Timur', '2019-12-07 15:15:27', 'admin', '0000-00-00 00:00:00', ''),
(31, 31, 'Jember menjadi tempat wisata yang menarik untuk dikunjungi selama liburan kali ini, terdapat begitu banyak tempat tujuan berlibur disini baik dari wisata alam, pantai serta wisata buatan yang akan kita bahas kali ini. So traveling ke Jember kali ini pasti untuk datang kesini bersama keluarga anda ya. Kemana ? ya benar sekali Tiara Jember Park Waterboom. \n\nTiara Jember Park Waterboom merupakan tempat wisata air yang sangat terkenal di Kota jember dengan memiliki wahana -wahana permainan yang seru dan menghibur khususnya buat liburan keluarga. Keunikan tempat wisata hits di jember ini adalah memiliki sumber air yang sangat jernih dan tentunya membuat para pengunjung yang datang menjadi semakin betah untuk datang kesini. Jika pada saat liburan tiba, Tiara Jember Park Waterboom akan selalu menjadi tempat liburan yang ramai dimana pengunjungnya bisa datang dari luar kota maupun warga lokal Jember sendiri. \n\nSaat berkunjung ke Tiara Jember Park Waterboom jangan lupa juga untuk membawa gadget anda terutama ponsel pintar anda, karena anda bisa berfoto selfie, buat video vlog yang seru bersama teman dan keluarga disini dan juga untuk tetap menjaga kebersihan ya alias jangan membuang sampah sembarangan, ajarkan kepada putra putri anda betapa pentingnya menjaga kebersihan di semua tempat yang di kunjungi. \n\nTiara Jember Park Waterboom memiliki beberapa wahana permainan yang bisa anda coba bersama keluarga yang pastinya bikin malas pulang dah, berikut adalah wahana permainan yang ada di di tiara jember park waterboom. \n\n <b>1.Kolam Renang Dewasa dan Anak – anak</b>\nTiara Waterpark Jember memiliki wahana kolam renang yang sangat luas dan menarik buat para keluarga, pada kolam dewasanya memiliki kedalaman hampir 2 meter, jadi harus lebih hati -hati terutama buat anak -anak yaang masih belajar berenang harus selalu dalam pengawasan orang tua masing – masing dan kolam anak nya memiliki kedalaman sekitar 15 cm sangat aman buat anak – anak dan terdapat beberapa fasilitas permaianan di sepanjang areal kolam wahana permainan yang ada di di tiara jember park waterboom. \n\n<b>2. Wahana ATV</b>\nTiara Waterpark Jember juga memiliki permainan AVT sport dengan roda empat, pengunjung bisa menaiki ATV sambil mengelilingi area taman bermain air Tiara Waterpark Jember. \n\n<b>3. Wahana Bianglala</b> \nWahana ini biasanya di gemari sama anak – anak. \n\n<b>4. Wahana Flying Fox</b> \nTiara Waterpark Jember memiliki wahana tantangan yang seru seperti wahana flying fox. \n\n <b>5. Wahana Mandi Busa</b>\nSeperti waterpark pada umumnya disini kita juga bisa bermain air dengan busa yang disemprotkan oleh para pegawai disini, jadi tambah seru deh bermain airnya.\n\n<i>Nah sebelum temen traveler kesini, berikut adalah fasilitas pendukung yang ada di Tiara jember park Waterboom.</i> \n\n<b>1.Gazebo</b> \nTiara Jember Park Waterboom memiliki sekitar 13 gazebo atau tempat beristirahat buat para pengunjung atau yang sekedar menemani bisa bersantai disini, fasilitas pendukung yang ada di Tiara jember park Waterboom. \n\n <b>2. Area untuk kuliner</b>\nSelain tempat bermain air disini juga menjual makanan dan area tempat untuk makan yang bersih dan sangat nyaman.\n\n<b>3. Kamar Mandi (Toilet)</b> \nKamar mandi disediakan buat pengunjung yang ingin berganti baju dan berbasuh terlebih dahulu sebelum berenang di Tiara Jember Park Waterboom, ya lumayan bersih dan lengkap juga.\n\n <b>4. Areal parkir</b> \nTempat parkir yang luas bisa menampung banyak kendaraan disini. \n\n<b>5. Mushola</b> \nTiara Jember Park Waterboom terdapat tempat untuk beribadat yang bersih dan nyaman. \n\n<b>6. Taman</b> \nDisini disediakan areal hijau yang cukup bagus untuk berfoto selfie bersama keluarga. \n\n <b>7. Playground area</b> \nTempat bermain disediakan bagi anak -anak dengan beberapa permainan yang bisa dimainkan.', '2019-12-07 15:22:31', 'admin', '0000-00-00 00:00:00', ''),
(32, 32, 'Suka hunting foto-foto <i>instagramable?</i> Jika iya, maka tempat wisata di Jember yang satu ini wajib buat masuk daalam daftar harus dikunjungi. Wana Wisata Simbat namanya, tak hanya sekedar menyuguhkan pesona alam yang memukau tetapi juga destinasi seru dengan spot-spot kece yang instagramable. \n\nSelain narsis di spot foto kekiniannya, Anda juga bisa mencoba aktivitas seru yang ada di tempat ini seperti flying fox misalnya. Fasilitas yang cukup memadai membuat destinasi ini juga semakin disukai pengunung yang dating. \n\n<b>Informasi:</b> \n\n<b>Nama:</b> Wana Wisata Simbat\n<b>Alamat:</b> Jalan Babatan, Krajan, Tamansari, Wuluhan, Kabupaten Jember – Jawa Timur\n<b>Jam buka:</b> 07.00 – 17.00 WIB \n</b>Harga tiket: </b> Rp 5.000,-', '2019-12-07 15:24:53', 'admin', '0000-00-00 00:00:00', ''),
(33, 33, 'Wisata Agro Rayap berada di puncak Jember, berlokasi berupa koloni dalam lembah. Kesegaran udara, dengan suasana keteangan nan asri. \n\nVilla Kofie sebagai homestay berupa bangunan kuno ditengah suasana pedesaan dan nuansa rumah pribadi pada lingkungan perkebunan. \n\nMicro Hydro Power merupakan mesin penggerak listrik yang dihasilkan oleh aliran air, sebagai suatu sumber daya listrik. MHP menjadi pilihan sebagai tour edukasi pengetahuan praktis yang ramah lingkungan. Tour MHP ini merupakan suatu aktivitas yang mempunyai kesan serta pengalaman tersendiri. \n\nDaya tarik wisata sekitar, adalah obyek wisata yang cukup dikenal di Kabupaten Jember : Wisata Rembangan. Alam wisata Rembangan dilengkapi dengan hamparan tanaman buah Naga memberik kesan alam yang ramah lingkungan. \n\nKeberadaan sapi perah menambah daya tarik tersendiri sebagai pilihan atraksi memerah susu sapi. Ikon atraksi wisata ini menjadi unik, karena hanya bisa dilaksanakan di kawasan Villa Kofie Rayap dan Wisata Rembangan yang menjadi ikon Kabupaten Jember.', '2019-12-07 15:26:11', 'admin', '0000-00-00 00:00:00', ''),
(34, 34, 'Kabupaten Jember saat ini sedang menggenjot tempat wisata hiburan baru. Bahkan baru-baru ini wisata Dira Park kencong menjadi sangat populer di kalangan wisatawan. \n\nRibuan pengunjung memadati tempat wisata ini setiap harinya. Dengan beragam wahana-wahana Spot foto kekinian, serta area kolam renang yang begitu lengkap. Tidak heran Dira Park Kencong menjadi pusat perhatian wisatawan ketika hari libur datang. \n\nNamun Kabupaten Jember tidak hanya tempat wisata Dira Park Kencong saja yang nge-hits akhir-akhir ini ada juga tempat wisata alam yang begitu memukau yaitu, Argopuro Garden. \n\nYa benar sekali. Argopuro Garden adalah salah satu tempat wisata alam yang menyajikan keindahan alam Kabupaten Jember yang sangat luar biasa indahnya. \n\nDi samping menyajikan pemandangan alam yang begitu menakjubkan, wisata Argopuro Garden ini juga menampilkan konsep konsep bangunan kekinian. Agar para kaum milenial tidak ketinggalan dalam melakukan swafoto di tempat wisata Argopuro Garden. \n\nPemandangan yang indah, suasana alam yang sejuk dan tempat yang nyaman menjadi visi dan misi wisata Argopuro Garden kedepannya. Dengan memanfaatkan suasana pegunungan Argopuro yang begitu indah tidak heran jika tempat wisata ini bakalan ikut ramai juga dikunjungi para wisatawan dari dalam kota maupun luar kota Jember. \n\nNah topwisata lover Pasti sangat ingin mengunjungi wisata Argopuro Garden di Jember ya. Oke mari simak ulasan top wisata berikut. \n\n<i>Lokasi wisata Argopuro Garden ini terletak di alamat Jalan Jerukan RT.4 / RW.6, Patemon, Tanggul, Krajan I, Patemon, Tanggul, Kabupaten Jember, Jawa Timur 68155.</i> \n\nLokasi wisata ini memang sedikit jauh dari pusat Kota Jember kalian akan menempuh jarak sejauh kurang lebih 20 KM atau membutuhkan waktu tempuh kurang lebih 30 menit. \n\nDi sepanjang jalan menuju wisata Argopuro Garden ini kalian akan menjumpai pemandangan alam pegunungan yang sangat indah. Jadi kalian tidak akan merasa bosan di sepanjang perjalanan menuju tempat wisata Argopuro Garden Jember. \n<b>Gunung Argopuro</b> adalah salah satu gunung yang ada di Jawa Timur. Namun status Gunung ini bukan gunung berapi aktif, Jadi kalian tidak perlu khawatir untuk mengunjungi tempat wisata Argopuro Garden kapan saja. \n\nJika kalian masih bingung dengan lokasi wisata Argopuro Garden Jember tenang top wisata akan membagikan map lokasinya. \n\nHarga tiket masuk wisata Argopuro Garden Jember ini terbilang sangat murah meriah ya top wisata lover. Sebab kalian <i>hanya membayar Rp3.000 saja per orang</i> kalian sudah bisa menikmati semua wahana yang ada di Wisata Argopuro Garden Jember. \n\nHarga tiket masuk wisata Argopuro Garden ini tidak berubah meskipun hari itu weekday, weekend ataupun high season. Tetap harga tiket masuknya Rp3.000 per orang. \n\n <i>Nuansa wisata yang syarat dengan keindahan alam ini saya rasa cocok untuk liburan dengan keluarga.</i> \n\n<i>Kenapa bisa cocok dengan tempat wisata untuk liburan dengan keluarga ?</i> \n\nHarga tiket masuk yang sangat murah meriah yaitu Rp3.000 per orang. Coba Bayangkan saja jika anggota keluarga kalian datang dengan 6 orang dan satu mobil. Kalian hanya membayar Rp18.000 untuk biaya tiketnya dan Rp5.000 untuk parkir kendaraannya. \n\nSuasana alam yang begitu nyaman dan sangat cocok untuk refreshing keluarga. Kalian tahu kan kota Surabaya yang begitu padat dan rumitnya. Setiap hari ada saja jalan-jalan kota yang macet karena arus lalu lintas kendaraan yang begitu padat. Jadi dengan mengunjungi tempat wisata Argopuro Garden ini masakan langsung menjadi fresh kembali. \n\nTempat wisata Argopuro Garden ini memiliki area Spot foto kekinian sehingga para pengunjung yang datang ke sini bisa gaya-gayaan upload foto di sosial media. \n\nJam buka tempat wisata Argopuro Garden ini mulai pukul 8 pagi sampai dengan pukul 17 sore dan Buka setiap hari. Jadi kita kita yang dari luar kota bisa leluasa untuk mengatur Jadwal kunjungan di tempat wisata yang Epic ini. \n\nFasilitas yang ada di tempat wisata Argopuro Garden Jember ini terbilang masih sangat minim ya karena tempat ini dibangun dari dana desa dan diolah oleh masyarakat setempat. \n\nNamun untuk fasilitas seperti kamar mandi, toilet, mushola, area parkir, gazebo, tempat makan, tempat beli oleh-oleh. Semuanya sudah tersedia di sini, meskipun Kondisinya masih sangat perlu dikembangkan agar menjadi tempat wisata yang ikonik bagi Jember. \n\nSuasana alam pedesaan yang begitu indah di kanan kiri terdapat tanaman padi yang hijau terpampang luas di tempat wisata. \n\n<i>Banyak Spot foto selfie instagramable di tempat wisata</i> \n\nPara pengunjung dari luar kota bisa mengunjungi Argopuro Garden Jember ini kapan saja karena tempat wisata ini buka satu minggu penuh mulai dari jam 8 sampai dengan jam 17.00. \n\nArgopuro Garden Jember adalah salah satu tempat wisata yang dikelola oleh desa melalui dana desa tempat wisata ini menjadi mewah dan indah.', '2019-12-07 15:32:49', 'admin', '0000-00-00 00:00:00', '');

-- --------------------------------------------------------

--
-- Struktur dari tabel `tbgbr_kuliner`
--

CREATE TABLE `tbgbr_kuliner` (
  `id_gbr_kulin` int(11) NOT NULL,
  `kd_kuliner` int(11) DEFAULT NULL,
  `nm_gbr_kulin` varchar(100) DEFAULT NULL,
  `crtdt` datetime DEFAULT NULL,
  `crtusr` varchar(10) DEFAULT NULL,
  `updatedt` datetime DEFAULT NULL,
  `updateusr` varchar(10) DEFAULT NULL
) ENGINE=InnoDB DEFAULT CHARSET=latin1;

--
-- Dumping data untuk tabel `tbgbr_kuliner`
--

INSERT INTO `tbgbr_kuliner` (`id_gbr_kulin`, `kd_kuliner`, `nm_gbr_kulin`, `crtdt`, `crtusr`, `updatedt`, `updateusr`) VALUES
(1, 1, 'angkringa-joglo-130.jpg', '2020-01-26 01:08:00', 'admin', NULL, ''),
(2, 2, 'ayam-panggang.jpg', '2020-01-26 01:08:00', 'admin', NULL, ''),
(3, 3, 'bakso-berkabut.jpg', '2020-01-26 01:08:00', 'admin', NULL, ''),
(4, 4, 'bebek-goreng-haji-slamet.jpg', '2020-01-26 01:08:00', 'admin', NULL, ''),
(5, 5, 'brownies-tape.jpg', '2020-01-26 01:08:00', 'admin', NULL, ''),
(6, 6, 'coklat-edamame.jpg', '2020-01-26 01:08:00', 'admin', NULL, ''),
(7, 7, 'dodol-tape.jpg', '2020-01-26 01:08:00', 'admin', NULL, ''),
(8, 8, 'ice-cream-domino.jpg', '2020-01-26 01:08:00', 'admin', NULL, ''),
(9, 9, 'ikan-wader.jpg', '2020-01-26 01:08:00', 'admin', NULL, ''),
(10, 10, 'jenang-waluh.jpg', '2020-01-26 01:08:00', 'admin', NULL, ''),
(11, 10, 'jenang-waluh2.jpg', '2020-01-26 01:08:00', 'admin', NULL, ''),
(12, 11, 'lalapan-sajiku-jember.jpg', '2020-01-26 01:08:00', 'admin', NULL, ''),
(13, 12, 'martabak-terangbulan-king.jpg', '2020-01-26 01:08:00', 'admin', NULL, ''),
(14, 13, 'martabak-malabar.jpg', '2020-01-26 01:08:00', 'admin', NULL, ''),
(15, 13, 'martabak-malabar2.jpg', '2020-01-26 01:08:00', 'admin', NULL, ''),
(16, 14, 'mie-rama.jpg', '2020-01-26 01:08:00', 'admin', NULL, ''),
(17, 15, 'nasi-langgi.jpg', '2020-01-26 01:08:00', 'admin', NULL, ''),
(18, 16, 'pecel-gudeg.jpg', '2020-01-26 01:08:00', 'admin', NULL, ''),
(19, 17, 'pecel-pincuk-garahan.jpg', '2020-01-26 01:08:00', 'admin', NULL, ''),
(20, 18, 'pia-tape.jpg', '2020-01-26 01:08:00', 'admin', NULL, ''),
(21, 18, 'pia-tape2.jpg', '2020-01-26 01:08:00', 'admin', NULL, ''),
(22, 19, 'prol-tape.jpg', '2020-01-26 01:08:00', 'admin', NULL, ''),
(23, 19, 'prol-tape2.jpg', '2020-01-26 01:08:00', 'admin', NULL, ''),
(24, 20, 'roti-bakar-tjiliwoeng.jpg', '2020-01-26 01:08:00', 'admin', NULL, ''),
(25, 21, 'rujak-cingur.jpg', '2020-01-26 01:08:00', 'admin', NULL, ''),
(26, 22, 'sate-cr.jpg', '2020-01-26 01:08:00', 'admin', NULL, ''),
(27, 22, 'sate-cr2.jpg', '2020-01-26 01:08:00', 'admin', NULL, ''),
(28, 23, 'soto-dah-lok.jpg', '2020-01-26 01:08:00', 'admin', NULL, ''),
(29, 24, 'suwar-suwir.jpg', '2020-01-26 01:08:00', 'admin', NULL, ''),
(30, 25, 'tahu-hwa.jpg', '2020-01-26 01:08:00', 'admin', NULL, ''),
(31, 25, 'tahu-hwa2.jpg', '2020-01-26 01:08:00', 'admin', NULL, ''),
(32, 26, 'tape-bakar.jpg', '2020-01-26 01:08:00', 'admin', NULL, ''),
(33, 27, 'wedang-cor.jpg', '2020-01-26 01:08:00', 'admin', NULL, '');

-- --------------------------------------------------------

--
-- Struktur dari tabel `tbgbr_ttg_jember`
--

CREATE TABLE `tbgbr_ttg_jember` (
  `id_gbr_jbr` int(11) NOT NULL,
  `id_jbr` int(11) DEFAULT NULL,
  `nm_gbr_jbr` varchar(100) DEFAULT NULL,
  `crtdt` datetime DEFAULT NULL,
  `crtusr` varchar(10) DEFAULT NULL,
  `updatedt` datetime DEFAULT NULL,
  `updateusr` varchar(10) DEFAULT NULL
) ENGINE=InnoDB DEFAULT CHARSET=latin1;

--
-- Dumping data untuk tabel `tbgbr_ttg_jember`
--

INSERT INTO `tbgbr_ttg_jember` (`id_gbr_jbr`, `id_jbr`, `nm_gbr_jbr`, `crtdt`, `crtusr`, `updatedt`, `updateusr`) VALUES
(1, 1, 'profile.jpg', '2020-01-26 15:52:24', 'admin', NULL, ''),
(2, 2, 'peta-jember.jpg', '2020-01-26 15:52:24', 'admin', NULL, ''),
(3, 3, 'jember-jaman-dulu.jpg', '2020-01-26 15:52:24', 'admin', NULL, ''),
(4, 3, 'jember-jaman-dulu2.jpg', '2020-01-26 15:52:24', 'admin', NULL, ''),
(5, 4, 'tanaman-tembakau.jpg', '2020-01-26 15:52:24', 'admin', NULL, ''),
(6, 5, 'penduduk-jember.jpg', '2020-01-26 15:52:24', 'admin', NULL, ''),
(7, 6, 'pasar-jember-dulu.jpg', '2020-01-26 15:52:24', 'admin', NULL, ''),
(8, 7, 'jharan-kencak.jpg', '2020-01-26 15:52:24', 'admin', NULL, ''),
(9, 8, 'terminal-jember.jpg', '2020-01-26 15:52:24', 'admin', NULL, '');

-- --------------------------------------------------------

--
-- Struktur dari tabel `tbgbr_wisata`
--

CREATE TABLE `tbgbr_wisata` (
  `id_gbr` int(11) NOT NULL,
  `kd_wisata` int(11) DEFAULT NULL,
  `nm_gbr` varchar(100) DEFAULT NULL,
  `crtdt` datetime DEFAULT NULL,
  `crtusr` varchar(10) DEFAULT NULL,
  `updatedt` datetime DEFAULT NULL,
  `updateusr` varchar(10) DEFAULT NULL
) ENGINE=InnoDB DEFAULT CHARSET=latin1;

--
-- Dumping data untuk tabel `tbgbr_wisata`
--

INSERT INTO `tbgbr_wisata` (`id_gbr`, `kd_wisata`, `nm_gbr`, `crtdt`, `crtusr`, `updatedt`, `updateusr`) VALUES
(1, 1, 'air_terjun_anjasmoro.jpg', '2019-12-07 17:24:35', 'admin', '0000-00-00 00:00:00', ''),
(2, 2, 'air_terjun_antrokan.jpg', '2019-12-07 17:24:35', 'admin', '0000-00-00 00:00:00', ''),
(3, 3, 'air_terjun_rayap.jpg', '2019-12-07 17:24:35', 'admin', '0000-00-00 00:00:00', ''),
(4, 4, 'air_terjun_tancak_1.jpg', '2019-12-07 17:24:35', 'admin', '0000-00-00 00:00:00', ''),
(5, 4, 'air_terjun_tancak_2.jpg', '2019-12-07 17:24:35', 'admin', '0000-00-00 00:00:00', ''),
(6, 5, 'air_terjun_tancak_tulis.jpg', '2019-12-07 17:24:35', 'admin', '0000-00-00 00:00:00', ''),
(7, 6, 'air_terjun_tujuh_bidadari.jpg', '2019-12-07 17:24:35', 'admin', '0000-00-00 00:00:00', ''),
(8, 7, 'bukit_pasir_puger.jpg', '2019-12-07 17:24:35', 'admin', '0000-00-00 00:00:00', ''),
(9, 8, 'bukit_samboja.jpg', '2019-12-07 17:24:35', 'admin', '0000-00-00 00:00:00', ''),
(10, 9, 'cottage_gunung_sepikul.jpg', '2019-12-07 17:24:35', 'admin', '0000-00-00 00:00:00', ''),
(11, 10, 'dira_park.jpg', '2019-12-07 17:24:35', 'admin', '0000-00-00 00:00:00', ''),
(12, 11, 'gunung_kapur_puger.jpg', '2019-12-07 17:24:35', 'admin', '0000-00-00 00:00:00', ''),
(13, 12, 'jember_sport_garden.jpg', '2019-12-07 17:24:35', 'admin', '0000-00-00 00:00:00', ''),
(14, 13, 'kantor_desa_kemuningsari_kidul_1.jpg', '2019-12-07 17:24:35', 'admin', '0000-00-00 00:00:00', ''),
(15, 13, 'kantor_desa_kemuningsari_kidul_2.jpg', '2019-12-07 17:24:35', 'admin', '0000-00-00 00:00:00', ''),
(16, 13, 'kantor_desa_kemuningsari_kidul_3.jpg', '2019-12-07 17:24:35', 'admin', '0000-00-00 00:00:00', ''),
(17, 14, 'lapangan_olahraga_ptpn_XII_kebun.jpg', '2019-12-07 17:24:35', 'admin', '0000-00-00 00:00:00', ''),
(18, 15, 'masjid_jami_albaitul_amin.jpg', '2019-12-07 17:24:35', 'admin', '0000-00-00 00:00:00', ''),
(19, 16, 'masjid_roudhotul_muchlisin_1.jpg', '2019-12-07 17:24:35', 'admin', '0000-00-00 00:00:00', ''),
(20, 16, 'masjid_roudhotul_muchlisin_2.jpg', '2019-12-07 17:24:35', 'admin', '0000-00-00 00:00:00', ''),
(21, 16, 'masjid_roudhotul_muchlisin_3.jpg', '2019-12-07 17:24:35', 'admin', '0000-00-00 00:00:00', ''),
(22, 17, 'museum_huruf.jpg', '2019-12-07 17:24:35', 'admin', '0000-00-00 00:00:00', ''),
(23, 18, 'pantai_bandealit_1.jpg', '2019-12-07 17:24:35', 'admin', '0000-00-00 00:00:00', ''),
(24, 18, 'pantai_bandealit_2.jpg', '2019-12-07 17:24:35', 'admin', '0000-00-00 00:00:00', ''),
(25, 19, 'pantai_getem.jpg', '2019-12-07 17:24:35', 'admin', '0000-00-00 00:00:00', ''),
(26, 20, 'pantai_papuma_1.jpg', '2019-12-07 17:24:35', 'admin', '0000-00-00 00:00:00', ''),
(27, 20, 'pantai_papuma_2.jpg', '2019-12-07 17:24:35', 'admin', '0000-00-00 00:00:00', ''),
(28, 20, 'pantai_papuma_3.jpg', '2019-12-07 17:24:35', 'admin', '0000-00-00 00:00:00', ''),
(29, 21, 'pantai_paseban.jpg', '2019-12-07 17:24:35', 'admin', '0000-00-00 00:00:00', ''),
(30, 22, 'pantai_payangan_1.jpg', '2019-12-07 17:24:35', 'admin', '0000-00-00 00:00:00', ''),
(31, 22, 'pantai_payangan_2.jpg', '2019-12-07 17:24:35', 'admin', '0000-00-00 00:00:00', ''),
(32, 22, 'pantai_payangan_3.jpg', '2019-12-07 17:24:35', 'admin', '0000-00-00 00:00:00', ''),
(33, 23, 'pantai_watu_ulo_1.jpg', '2019-12-07 17:24:35', 'admin', '0000-00-00 00:00:00', ''),
(34, 23, 'pantai_watu_ulo_2.jpg', '2019-12-07 17:24:35', 'admin', '0000-00-00 00:00:00', ''),
(35, 23, 'pantai_watu_ulo_3.jpg', '2019-12-07 17:24:35', 'admin', '0000-00-00 00:00:00', ''),
(36, 24, 'kebun_teh_gunung_gambir.jpg', '2019-12-07 17:24:35', 'admin', '0000-00-00 00:00:00', ''),
(37, 25, 'rumah_tembakau.jpg', '2019-12-07 17:24:35', 'admin', '0000-00-00 00:00:00', ''),
(38, 26, 'situs_duplang_1.jpg', '2019-12-07 17:24:35', 'admin', '0000-00-00 00:00:00', ''),
(39, 26, 'situs_duplang_2.jpg', '2019-12-07 17:24:35', 'admin', '0000-00-00 00:00:00', ''),
(40, 27, 'SJ88.jpg', '2019-12-07 17:24:35', 'admin', '0000-00-00 00:00:00', ''),
(41, 28, 'taman_botani_sukorambi.jpg', '2019-12-07 17:24:35', 'admin', '0000-00-00 00:00:00', ''),
(42, 29, 'tanjung_papuma.jpg', '2019-12-07 17:24:35', 'admin', '0000-00-00 00:00:00', ''),
(43, 30, 'teluk_love_1.jpg', '2019-12-07 17:24:35', 'admin', '0000-00-00 00:00:00', ''),
(44, 30, 'teluk_love_2.jpg', '2019-12-07 17:24:35', 'admin', '0000-00-00 00:00:00', ''),
(45, 31, 'tiara_jember_park_waterboom.jpg', '2019-12-07 17:24:35', 'admin', '0000-00-00 00:00:00', ''),
(46, 32, 'wana_wisata_simbat_1.jpg', '2019-12-07 17:24:35', 'admin', '0000-00-00 00:00:00', ''),
(47, 32, 'wana_wisata_simbat_2.jpg', '2019-12-07 17:24:35', 'admin', '0000-00-00 00:00:00', ''),
(48, 33, 'wisata_agro_rayap.jpg', '2019-12-07 17:24:35', 'admin', '0000-00-00 00:00:00', ''),
(49, 34, 'wisata_argopuro_garden_1.jpg', '2019-12-07 17:24:35', 'admin', '0000-00-00 00:00:00', ''),
(50, 34, 'wisata_argopuro_garden_2.jpg', '2019-12-07 17:24:35', 'admin', '0000-00-00 00:00:00', ''),
(51, 34, 'wisata_argopuro_garden_3.jpg', '2019-12-07 17:24:35', 'admin', '0000-00-00 00:00:00', ''),
(52, 34, 'wisata_argopuro_garden_4.jpg', '2019-12-07 17:24:35', 'admin', '0000-00-00 00:00:00', ''),
(53, 34, 'wisata_argopuro_garden_5.jpg', '2019-12-07 17:24:35', 'admin', '0000-00-00 00:00:00', '');

-- --------------------------------------------------------

--
-- Struktur dari tabel `tbtentang_jbr`
--

CREATE TABLE `tbtentang_jbr` (
  `id_jbr` int(11) NOT NULL,
  `nm_jbr` varchar(20) DEFAULT NULL,
  `ket_jbr` varchar(6000) DEFAULT NULL,
  `crtdt` datetime DEFAULT NULL,
  `crtusr` varchar(20) DEFAULT NULL,
  `updatedt` datetime DEFAULT NULL,
  `updateusr` varchar(20) DEFAULT NULL
) ENGINE=InnoDB DEFAULT CHARSET=latin1;

--
-- Dumping data untuk tabel `tbtentang_jbr`
--

INSERT INTO `tbtentang_jbr` (`id_jbr`, `nm_jbr`, `ket_jbr`, `crtdt`, `crtusr`, `updatedt`, `updateusr`) VALUES
(1, 'Kabupaten Jember', '<strong>Kabupaten Jember</strong> adalah kabupaten di Provinsi Jawa Timur, Indonesia yang beribu kota di Jember. Kabupaten ini berbatasan dengan Kabupaten Probolinggo dan Kabupaten Bondowoso di utara, Kabupaten Banyuwangi di timur, Samudera Hindia di selatan, dan Kabupaten Lumajang di barat. Kabupaten Jember terdiri dari <strong>31 kecamatan</strong>. Kabupaten Jember terletak di wilayah <strong>Tapal Kuda</strong>, Jawa Timur. Jember dahulu sempat memiliki kota administratif, tetapi sejak tahun 2001 istilah kota administratif dihapus, sehingga Kota Administratif Jember kembali menjadi bagian dari Kabupaten Jember. <strong>Hari jadi Kabupaten Jember</strong> diperingati setiap tanggal <strong>1 Januari</strong>.', '2020-01-26 02:21:53', 'admin', NULL, ''),
(2, 'Geografi', 'Jember memiliki luas 3.293,34 Km2 dengan ketinggian antara 0 - 3.330 mdpl. Iklim Kabupaten Jember adalah tropis dengan kisaran suhu antara 23oC - 32oC. Bagian selatan wilayah Kabupaten Jember adalah dataran rendah dengan titik terluarnya adalah Pulau Nusa Barong. Pada kawasan ini terdapat Taman Nasional Meru Betiri yang berbatasan dengan wilayah administratif Kabupaten Banyuwangi. Bagian barat laut (berbatasan dengan Kabupaten Probolinggo adalah pegunungan, bagian dari Pegunungan Iyang, dengan puncaknya Gunung Argopuro (3.088 m). Bagian timur merupakan bagian dari rangkaian Dataran Tinggi Ijen. Jember memiliki beberapa sungai antara lain Sungai Bedadung yang bersumber dari Pegunungan Iyang di bagian Tengah, Sungai Mayang yang persumber dari Pegunungan Raung di bagian timur, dan Sungai Bondoyudo yang bersumber dari Pegunungan Semeru di bagian barat.', '2020-01-26 02:21:53', 'admin', NULL, ''),
(3, 'Sejarah', 'Kabupaten Jember dibentuk berdasarkan Staatsblad Nomor 322 tanggal 9 Agustus 1928, yang mulai berlaku tanggal 1 Januari 1929. Pemerintah Hindia Belanda telah mengeluarkan ketentuan tentang penataan kembali pemerintah desentralisasi di wilayah Provinsi Jawa Timur, antara lain dengan menunjuk Regenschap Djember sebagai masyarakat kesatuan hukum yang berdiri sendiri. Secara resmi ketentuan tersebut diterbitkan oleh Sekretaris Umum Pemerintah Hindia Belanda (De Aglemeene Secretaris) G.R. Erdbrink, 21 Agustus 1928.<br><br>\r\n Pemerintah Regenschap Jember yang semula terbagi dalam tujuh Wilayah Distrik, pada tanggal 1 Januari 1929 sejak berlakunya Staatsblad No. 46/1941 tanggal 1 Maret 1941 Wilayah Distrik dipecah menjadi 25 Onderdistrik, yaitu:<br>\r\n - Distrik Jember, meliputi onderdistrik Jember, Wirolegi, dan Arjasa.<br>\r\n - Distrik Kalisat, meliputi onderdistrik Kalisat, Ledokombo, Sumberjambe, dan Sukowono.<br>\r\n - Distrik Rambipuji, meliputi onderdistrik Rambipuji, Panti, Mangli, dan Jenggawah. - Distrik Mayang, meliputi onderdistrik Mayang, Silo, Mumbulsari, dan Tempurejo.<br>\r\n - Distrik Tanggul meliputi onderdistrik Tanggul, Sumberbaru, dan Bangsalsari.<br>\r\n- Distrik Puger, meliputi onderdistrik Puger, Kencong Gumukmas, dan Umbulsari.<br>\r\n - Distrik Wuluhan, meliputi onderdistrik Wuluhan, Ambulu, dan Balung.<br><br>\r\n Berdasarkan Undang Undang No. 12/1950 tentang Pemerintah Daerah Kabupaten di Jawa Timur, ditetapkan pembentukan Daerah-daerah Kabupaten dalam lingkungan Provinsi Jawa Timur (dengan Perda), antara lain Daerah Kabupaten Jember ditetapkan menjadi Kabupaten Jember.Dengan dasar Peraturan Pemerintah Nomor 14 Tahun 1976 tanggal 19 April 1976, dibentuklah Wilayah Kota Jember dengan penataan wilayah-wilayah baru sebagai berikut:<br>\r\n - Kacamatan Jember dihapus, dan dibentuk tiga kecamatan baru, masing-masing Sumbersari, Patrang dan Kaliwates.<br>\r\n - Kecamatan Wirolegi menjadi Kecamatan Pakusari dan Kecamatan Mangli menjadi Kecamatan Sukorambi.<br><br>\r\n Bersamaan dengan pembentukan Kota Administratif Jember, wilayah Kewedanan Jember bergeser pula dari Jember ke Arjasa dengan wilayah kerja meliputi Arjasa, Pakusari, dan Sukowono yang sebelumnya masuk Distrik Kalisat. Dengan adanya perubahan-perubahan tersebut, pada perkembangan berikutnya, secara administratif Kabupaten Jember saat itu terbagi menjadi tujuh Wilayah Pembantu Bupati, satu wilayah Kota Administratif, dan 31 Kecamatan.<br><br>\r\n Dengan diberlakukannya Otonomi Daerah sejak 1 Januari 2001 sebagai tuntutan No 22/1999 tentang Pemerintahan Daerah, Pemerintah Kabupaten Jember telah melakukan penataan kelembagaan dan struktur organisasi, termasuk penghapusan lembaga Pembantu Bupati yang kini menjadi Kantor Koordinasi Camat. Selanjutnya, dalam menjalankan roda pemerintah di era Otonomi Daerah ini Pemerintah Kabupaten Jember dibantu empat Kantor Koordinasi Camat, yakni:<br>\r\n - Kantor Koordinasi Camat Jember Barat di Tanggul<br>\r\n - Kantor Koordinasi Camat Jember Selatan di Balung<br>\r\n - Kantor Koordinasi Camat Jember Tengah di Rambipuji<br>\r\n - Kantor Koordinasi Camat Jember Timur di Kalisat<br>', '2020-01-26 02:21:53', 'admin', NULL, ''),
(4, 'Julukan Daerah', '<strong>Jember memiliki beberapa julukan</strong>, yaitu:<br>\r\n - <strong>Kota Pandhalungan</strong><br>\r\n Jember dihuni oleh banyak suku seperti madura, jawa dan osing, paduan ini membuat Jember seperti <strong>Miniature of Indonesia.</strong><br><br>\r\n - <strong>Kota Pendidikan</strong><br>\r\nJember merupakan salah satu pusat pendidikan yang ada di Jawa Timur selain Surabaya dan Malang. Hal ini dikarenakan banyak orang dari daerah sekitar yang memilih meneruskan pendidikan di Kabupaten Jember, sehingga terdapat banyak perguruan tinggi, baik itu yang berstatus PTN maupun PTS.<br><br>\r\n - <strong>Kota 1000 Bukit</strong><br>\r\n Jember dikenal juga dengan sebutan daerah 1.000 gumuk atau bukit karena memiliki setidaknya 1.666 bukit yang tersebar di seluruh wilayah Kabupaten Jember. Namun saat ini bukit-bukit tersebut terancam musnah, karena penamabangan pasir di bukit yang berlebihan.<br><br>\r\n - <strong>Kota Tembakau</strong><br>\r\n Jember dikenal juga dengan sebutan Kota Tembakau karena hasil komoditi utama dan penghasil Tembakau terbesar.<br><br>\r\n - <strong>Kota Karnaval</strong><br>\r\n Jember juga mendapat julukan kota Carnaval berkat Jember Fashion Carnaval yang sudah mendunia dan banyak ditiru oleh wilayah lain.<br><br>\r\n - <strong>Kota Suwar Suwir</strong><br>\r\n Suwar suwir adalah makanan khas kota Jember. Makanan ini terbuat dari tape yang diolah sedemikian rupa sehingga menghasilkan makanan seperti dodol namun lebih keras.<br><br>\r\n - <strong>Kota Santri</><br>\r\n Di Jember ada banyak pesantren. Mulai dari pesantren kecil hingga pesantren Besar. Pesantren-pesantren tersebut antara lain ada yang besar dengan santri mencapai ribuan. Bebarapa Pesantren besar di Jember antara lain Pondok Pesantren Assuniyyah Kencong, Pesantren Al-Qodiri, Pesantren Curah Kates, Pesantren Al-Amien Ambulu.', '2020-01-26 02:21:53', 'admin', NULL, ''),
(5, 'Penduduk', 'Mayoritas penduduk Kabupaten Jember adalah Suku Jawa, dan sebagian besar beragama Islam. Selain itu terdapat minoritas Suku Osing dan Suku Madura. Juga warga Tionghoa yang kebanyakan tinggal di pusat ibu kota kabupaten ini. Suku Madura dominan di daerah utara dan Suku Jawa di daerah selatan dan pesisir pantai. Bahasa Madura dan Bahasa Jawa digunakan di banyak tempat, sehingga umum bagi masyarakat di Jember menguasai dua bahasa daerah tersebut dan juga saling pengaruh tersebut memunculkan beberapa ungkapan khas Jember. Percampuran kedua kebudayaan Madura dan Jawa di Kabupaten Jember melahirkan satu kebudayaan baru yang bernama budaya Pendalungan. Masyarakat Pendalungan di Jember mempunyai karakteristik yang unik sebagai hasil dari penetrasi kedua budaya tersebut. Kesenian Can Macanan Kaduk merupakan satu hasil budaya masyarakat Pendalungan yang masih bertahan sampai sekarang di kabupaten Jember. Jember berpenduduk 2.929.967 jiwa (JDA, BPS 2013) dengan kepadatan rata-rata 787,47 jiwa/km2.', '2020-01-26 02:21:53', 'admin', NULL, ''),
(6, 'Ekonomi', 'Dengan sebagian besar penduduk masih bekerja sebagai petani, perekonomian Jember masih banyak ditunjang dari sektor pertanian. Di Jember terdapat banyak area perkebunan, sebagian besar peninggalan Belanda. Perkebunan yang ada dikelola oleh Perusahaan nasional PTP Nusantara, Tarutama Nusantara (TTN), dan Perusahaan daerah yaitu PDP (Perusahaan Daerah Perkebunan). Jember terkenal sebagai salah satu daerah penghasil tembakau utama di Indonesia. Tembakau Jember adalah tembakau yang digunakan sebagai lapisan luar/kulit cerutu. Di pasaran dunia tembakau Jember sangat dikenal di Jerman dan Belanda.', '2020-01-26 02:21:53', 'admin', NULL, ''),
(7, 'Kesenian Tradisional', '- <strong>Can macanan Kadhuk</strong>\n <br>- <strong>Patrol</strong> <br>\n- <strong>Egrang Tanoker</strong> <br>\n- <strong>Batik Jember</>', '2020-01-26 02:21:53', 'admin', NULL, ''),
(8, 'Transportasi', '<strong>Stasiun Jember merupakan stasiun terbesar di Kabupaten ini</strong>, dan merupakan pusat dari Daops IX Jember yang mengatur stasiun dari Pasuruan hingga Banyuwangi. Di samping stasiun-stasiun kecil lainnya di Tanggul, Rambipuji, dan Kalisat. Jember dilintasi jalur kereta api, yang menghubungkan Jember dengan kota-kota lain di Pulau Jawa, yaitu Purwokerto, Yogyakarta, Solo, Madiun, Surabaya, Malang, Probolinggo dan Banyuwangi. Di Jember juga terdapat stasiun-stasiun kecil seperti Bangsalsari, Mangli, Arjasa, Kotok, Ledokombo, Sempolan, Garahan. Stasiun ini hanya digunakan ketika terjadi persilangan kereta api dan hanya digunakan oleh kereta api ekonomi seperti Probowangi (Surabaya-Barnyuwangi) dan kereta Pandanwangi (Jember-Banyuwangi). Jalur kereta api Kalisat-Situbondo kini tidak lagi beroperasi.<br>\r\n <strong>Terminal bus Tawang Alun</> merupakan terminal utama yang melayani jalur Surabaya - Jember-Banyuwangi (lewat Tanggul), Surabaya-Jember-Banyuwangi (lewat Kencong-Balung dan atau Ambulu) yang juga melewati kota Lumajang. Terminal ini juga melayani jalur Bus Patas (cepat terbatas) Jember-Yogya, Jember-Surabaya, Jember-Malang, Jember-Cilacap, Jember-Medan serta Jember-Denpasar. Untuk jalur Jember-Bondowoso-Situbondo dilayani oleh Terminal Bus <strong>ARJASA</strong> yang terletak di Kecamatan Arjasa. Baru-baru ini, di Kecamatan Ambulu yang terletak di Jember bagian selatan juga dibangun Terminal, yang menyediakan jalur Ambulu-Kencong-Lumajang-Pasuruan-Surabaya dan Malang. Selain itu terdapat pula terminal-terminal kecil yang dihubungkan oleh angkutan antar dalam kota (Lyn) seperti Terminal Ajung, Terminal Arjasa dan Terminal Pakusari. Bus Kota dapat ditemui di Kota Jember yang menghubungkan Terminal Tawang Alun - Terminal Arjasa (Kode Trayek <strong>A</strong> dan <strong>B</strong>) dan Terminal Tawang Alun-Terminal Pakusari (Kode Trayek <strong>D</strong> dan <strong>E</strong>). Jasa taksi dengan Argometer juga banyak ditemui di Kota ini.<br>\r\n  <strong>Bandar Udara Notohadinegoro (JBB)</strong> yang terletak di Desa Wirowongso, Kecamatan Ajung. Garuda Indonesia di bandara ini melayani rute Jember (JBB)-Surabaya (SUB) vv. dengan frekuensi penerbangan setiap hari Sedangkan Susi Air melayani rute Jember (JBB) - Sumenep (SUP) vv. dengan frekuensi penerbangan 1 kali dalam seminggu.Wings Air melayani rute Surabaya (SUB)- Jember (JBB) setiap hari.', '2020-01-26 02:21:53', 'admin', NULL, '');

-- --------------------------------------------------------

--
-- Struktur dari tabel `tb_geofencing`
--

CREATE TABLE `tb_geofencing` (
  `id_geo` int(11) NOT NULL,
  `nama` varchar(20) DEFAULT NULL,
  `tgl_awal` datetime DEFAULT NULL,
  `tgl_akhir` datetime DEFAULT NULL,
  `lokasi` varchar(50) DEFAULT NULL,
  `lati` varchar(50) DEFAULT NULL,
  `longi` varchar(50) DEFAULT NULL,
  `rad` varchar(50) DEFAULT NULL,
  `status` bit(1) DEFAULT NULL,
  `crtdt` datetime DEFAULT NULL,
  `crtusr` varchar(20) DEFAULT NULL,
  `updatedt` datetime DEFAULT NULL,
  `updateusr` varchar(20) DEFAULT NULL
) ENGINE=InnoDB DEFAULT CHARSET=latin1;

-- --------------------------------------------------------

--
-- Struktur dari tabel `tb_slide_utama`
--

CREATE TABLE `tb_slide_utama` (
  `id_slide` int(11) NOT NULL,
  `nm_slide` varchar(60) DEFAULT NULL,
  `ket_slide` varchar(1500) DEFAULT NULL,
  `gbr_slide` varchar(30) DEFAULT NULL,
  `aktif` bit(1) DEFAULT NULL,
  `crtdt` datetime DEFAULT NULL,
  `crtusr` varchar(20) DEFAULT NULL,
  `updatedt` datetime DEFAULT NULL,
  `updateusr` varchar(20) DEFAULT NULL
) ENGINE=InnoDB DEFAULT CHARSET=latin1;

--
-- Dumping data untuk tabel `tb_slide_utama`
--

INSERT INTO `tb_slide_utama` (`id_slide`, `nm_slide`, `ket_slide`, `gbr_slide`, `aktif`, `crtdt`, `crtusr`, `updatedt`, `updateusr`) VALUES
(1, 'Kantor DPRD Jember', 'Alamat: Jl. Kalimantan No.86, Tegal Boto Lor, Sumbersari, Kec. Sumbersari, Kabupaten Jember, Jawa Timur 68121', 'dprd_jember.jpg', b'1', '2019-12-07 23:37:29', 'admin', '0000-00-00 00:00:00', ''),
(2, 'Kantor Bupati Jember', 'Alamat: Jl. Sudarman No.1, Kp. Using, Jemberlor, Kec. Patrang, Kabupaten Jember, Jawa Timur 68118', 'kantor-bupati.jpg', b'1', '2019-12-07 23:37:29', 'admin', '0000-00-00 00:00:00', ''),
(3, 'Pendopo Wahyawibawagraha Jember', 'Alamat: Jl. Wijaya Kusuma, Kp. Using, Jemberlor, Kec. Patrang, Kabupaten Jember, Jawa Timur 68118', 'pendopo.jpg', b'1', '2019-12-07 23:37:29', 'admin', '0000-00-00 00:00:00', ''),
(4, 'Jember Fashion Carnaval', 'Jember Fashion Carnaval atau sering disebut JFC adalah sebuah even karnaval busana yang setiap tahun digelar di Kabupaten Jember, Jawa Timur. Karnaval ini digagas oleh Dynand Fariz yang juga pendiri JFC Center.', 'jfc-1.jpg', b'1', '2019-12-07 23:37:29', 'admin', '0000-00-00 00:00:00', ''),
(5, 'Jember Fashion Carnaval', 'Jember Fashion Carnaval atau sering disebut JFC adalah sebuah even karnaval busana yang setiap tahun digelar di Kabupaten Jember, Jawa Timur. Karnaval ini digagas oleh Dynand Fariz yang juga pendiri JFC Center.', 'jfc-2.jpg', b'1', '2019-12-07 23:37:29', 'admin', '0000-00-00 00:00:00', ''),
(6, 'Jember Fashion Carnaval', 'Jember Fashion Carnaval atau sering disebut JFC adalah sebuah even karnaval busana yang setiap tahun digelar di Kabupaten Jember, Jawa Timur. Karnaval ini digagas oleh Dynand Fariz yang juga pendiri JFC Center.', 'jfc-3.jpg', b'1', '2019-12-07 23:37:29', 'admin', '0000-00-00 00:00:00', ''),
(7, 'Jember Fashion Carnaval', 'Jember Fashion Carnaval atau sering disebut JFC adalah sebuah even karnaval busana yang setiap tahun digelar di Kabupaten Jember, Jawa Timur. Karnaval ini digagas oleh Dynand Fariz yang juga pendiri JFC Center.', 'jfc-4.jpg', b'1', '2019-12-07 23:37:29', 'admin', '0000-00-00 00:00:00', ''),
(8, 'Jember Fashion Carnaval', 'Jember Fashion Carnaval atau sering disebut JFC adalah sebuah even karnaval busana yang setiap tahun digelar di Kabupaten Jember, Jawa Timur. Karnaval ini digagas oleh Dynand Fariz yang juga pendiri JFC Center.', 'jfc-5.jpg', b'1', '2019-12-07 23:37:29', 'admin', '0000-00-00 00:00:00', ''),
(9, 'Jember Fashion Carnaval', 'Jember Fashion Carnaval atau sering disebut JFC adalah sebuah even karnaval busana yang setiap tahun digelar di Kabupaten Jember, Jawa Timur. Karnaval ini digagas oleh Dynand Fariz yang juga pendiri JFC Center.', 'jfc-6.jpg', b'1', '2019-12-07 23:37:29', 'admin', '0000-00-00 00:00:00', ''),
(10, 'Jember Fashion Carnaval', 'Jember Fashion Carnaval atau sering disebut JFC adalah sebuah even karnaval busana yang setiap tahun digelar di Kabupaten Jember, Jawa Timur. Karnaval ini digagas oleh Dynand Fariz yang juga pendiri JFC Center.', 'jfc-7.jpg', b'1', '2019-12-07 23:37:29', 'admin', '0000-00-00 00:00:00', '');

--
-- Indexes for dumped tables
--

--
-- Indeks untuk tabel `mkuliner`
--
ALTER TABLE `mkuliner`
  ADD PRIMARY KEY (`kd_kuliner`);

--
-- Indeks untuk tabel `msuser`
--
ALTER TABLE `msuser`
  ADD PRIMARY KEY (`iduser`);

--
-- Indeks untuk tabel `mwisata`
--
ALTER TABLE `mwisata`
  ADD PRIMARY KEY (`kd_wisata`);

--
-- Indeks untuk tabel `tbalmt_wisata`
--
ALTER TABLE `tbalmt_wisata`
  ADD PRIMARY KEY (`id_almt`);

--
-- Indeks untuk tabel `tbdet_kuliner`
--
ALTER TABLE `tbdet_kuliner`
  ADD PRIMARY KEY (`id_det_kulin`);

--
-- Indeks untuk tabel `tbdet_wisata`
--
ALTER TABLE `tbdet_wisata`
  ADD PRIMARY KEY (`id_detail`);

--
-- Indeks untuk tabel `tbgbr_kuliner`
--
ALTER TABLE `tbgbr_kuliner`
  ADD PRIMARY KEY (`id_gbr_kulin`);

--
-- Indeks untuk tabel `tbgbr_ttg_jember`
--
ALTER TABLE `tbgbr_ttg_jember`
  ADD PRIMARY KEY (`id_gbr_jbr`);

--
-- Indeks untuk tabel `tbgbr_wisata`
--
ALTER TABLE `tbgbr_wisata`
  ADD PRIMARY KEY (`id_gbr`);

--
-- Indeks untuk tabel `tbtentang_jbr`
--
ALTER TABLE `tbtentang_jbr`
  ADD PRIMARY KEY (`id_jbr`);

--
-- Indeks untuk tabel `tb_geofencing`
--
ALTER TABLE `tb_geofencing`
  ADD PRIMARY KEY (`id_geo`);

--
-- Indeks untuk tabel `tb_slide_utama`
--
ALTER TABLE `tb_slide_utama`
  ADD PRIMARY KEY (`id_slide`);

--
-- AUTO_INCREMENT untuk tabel yang dibuang
--

--
-- AUTO_INCREMENT untuk tabel `mkuliner`
--
ALTER TABLE `mkuliner`
  MODIFY `kd_kuliner` int(11) NOT NULL AUTO_INCREMENT, AUTO_INCREMENT=28;

--
-- AUTO_INCREMENT untuk tabel `msuser`
--
ALTER TABLE `msuser`
  MODIFY `iduser` int(11) NOT NULL AUTO_INCREMENT, AUTO_INCREMENT=2;

--
-- AUTO_INCREMENT untuk tabel `mwisata`
--
ALTER TABLE `mwisata`
  MODIFY `kd_wisata` int(11) NOT NULL AUTO_INCREMENT, AUTO_INCREMENT=35;

--
-- AUTO_INCREMENT untuk tabel `tbalmt_wisata`
--
ALTER TABLE `tbalmt_wisata`
  MODIFY `id_almt` int(11) NOT NULL AUTO_INCREMENT, AUTO_INCREMENT=35;

--
-- AUTO_INCREMENT untuk tabel `tbdet_kuliner`
--
ALTER TABLE `tbdet_kuliner`
  MODIFY `id_det_kulin` int(11) NOT NULL AUTO_INCREMENT, AUTO_INCREMENT=28;

--
-- AUTO_INCREMENT untuk tabel `tbdet_wisata`
--
ALTER TABLE `tbdet_wisata`
  MODIFY `id_detail` int(11) NOT NULL AUTO_INCREMENT, AUTO_INCREMENT=35;

--
-- AUTO_INCREMENT untuk tabel `tbgbr_kuliner`
--
ALTER TABLE `tbgbr_kuliner`
  MODIFY `id_gbr_kulin` int(11) NOT NULL AUTO_INCREMENT, AUTO_INCREMENT=34;

--
-- AUTO_INCREMENT untuk tabel `tbgbr_ttg_jember`
--
ALTER TABLE `tbgbr_ttg_jember`
  MODIFY `id_gbr_jbr` int(11) NOT NULL AUTO_INCREMENT, AUTO_INCREMENT=10;

--
-- AUTO_INCREMENT untuk tabel `tbgbr_wisata`
--
ALTER TABLE `tbgbr_wisata`
  MODIFY `id_gbr` int(11) NOT NULL AUTO_INCREMENT, AUTO_INCREMENT=54;

--
-- AUTO_INCREMENT untuk tabel `tb_geofencing`
--
ALTER TABLE `tb_geofencing`
  MODIFY `id_geo` int(11) NOT NULL AUTO_INCREMENT;

--
-- AUTO_INCREMENT untuk tabel `tb_slide_utama`
--
ALTER TABLE `tb_slide_utama`
  MODIFY `id_slide` int(11) NOT NULL AUTO_INCREMENT, AUTO_INCREMENT=11;
COMMIT;

/*!40101 SET CHARACTER_SET_CLIENT=@OLD_CHARACTER_SET_CLIENT */;
/*!40101 SET CHARACTER_SET_RESULTS=@OLD_CHARACTER_SET_RESULTS */;
/*!40101 SET COLLATION_CONNECTION=@OLD_COLLATION_CONNECTION */;
