<?xml version="1.0" encoding="utf-8" ?>
<dwsync>
<file name="Code128.php" server="ftp.neowebdata.com/public_html/sitesa/" local="130386356200000000" remote="130564779000000000" />
<file name="Code25.php" server="ftp.neowebdata.com/public_html/sitesa/" local="130386356200000000" remote="130564779000000000" />
<file name="Code25interleaved.php" server="ftp.neowebdata.com/public_html/sitesa/" local="130386356200000000" remote="130564779600000000" />
<file name="Code39.php" server="ftp.neowebdata.com/public_html/sitesa/" local="130386356200000000" remote="130564779600000000" />
<file name="Ean13.php" server="ftp.neowebdata.com/public_html/sitesa/" local="130386356200000000" remote="130564779600000000" />
<file name="Ean2.php" server="ftp.neowebdata.com/public_html/sitesa/" local="130386356200000000" remote="130564779600000000" />
<file name="Ean5.php" server="ftp.neowebdata.com/public_html/sitesa/" local="130386356200000000" remote="130564779600000000" />
<file name="Ean8.php" server="ftp.neowebdata.com/public_html/sitesa/" local="130386356200000000" remote="130564779600000000" />
<file name="Error.php" server="ftp.neowebdata.com/public_html/sitesa/" local="130386356200000000" remote="130564779600000000" />
<file name="Exception.php" server="ftp.neowebdata.com/public_html/sitesa/" local="130386356200000000" remote="130564779600000000" />
<file name="Identcode.php" server="ftp.neowebdata.com/public_html/sitesa/" local="130386356200000000" remote="130564779600000000" />
<file name="Itf14.php" server="ftp.neowebdata.com/public_html/sitesa/" local="130386356200000000" remote="130564779600000000" />
<file name="Leitcode.php" server="ftp.neowebdata.com/public_html/sitesa/" local="130386356200000000" remote="130564779600000000" />
<file name="ObjectAbstract.php" server="ftp.neowebdata.com/public_html/sitesa/" local="130386356200000000" remote="130564780200000000" />
<file name="Planet.php" server="ftp.neowebdata.com/public_html/sitesa/" local="130386356200000000" remote="130564780200000000" />
<file name="Postnet.php" server="ftp.neowebdata.com/public_html/sitesa/" local="130386356200000000" remote="130564780200000000" />
<file name="Royalmail.php" server="ftp.neowebdata.com/public_html/sitesa/" local="130386356200000000" remote="130564780200000000" />
<file name="Upca.php" server="ftp.neowebdata.com/public_html/sitesa/" local="130386356200000000" remote="130564780200000000" />
<file name="Upce.php" server="ftp.neowebdata.com/public_html/sitesa/" local="130386356200000000" remote="130564780200000000" />
</dwsync>